,Season,TeamID,Opponent_Seed
0,1985,1292,2.0
1,1985,1298,4.5
2,1985,1299,1.0
3,1985,1301,8.25
4,1985,1305,3.0
5,1985,1314,10.25
6,1985,1318,3.0
7,1985,1323,6.0
8,1985,1325,3.0
9,1985,1326,9.0
10,1985,1328,8.0
11,1985,1330,5.0
12,1985,1333,7.0
13,1985,1335,2.0
14,1985,1337,3.0
15,1985,1338,5.0
16,1985,1345,11.0
17,1985,1104,5.0
18,1985,1361,4.0
19,1985,1112,7.0
20,1985,1116,4.5
21,1985,1374,8.0
22,1985,1120,3.6666666666666665
23,1985,1380,1.0
24,1985,1385,8.2
25,1985,1130,3.6666666666666665
26,1985,1393,6.0
27,1985,1396,5.0
28,1985,1403,11.0
29,1985,1409,11.0
30,1985,1412,6.0
31,1985,1424,12.5
32,1985,1425,9.0
33,1985,1173,8.0
34,1985,1431,4.5
35,1985,1433,11.0
36,1985,1177,7.0
37,1985,1181,12.5
38,1985,1437,3.3333333333333335
39,1985,1439,8.0
40,1985,1192,1.0
41,1985,1449,12.0
42,1985,1455,6.0
43,1985,1207,6.5
44,1985,1208,7.0
45,1985,1210,6.5
46,1985,1228,7.333333333333333
47,1985,1229,4.5
48,1985,1233,4.0
49,1985,1234,9.0
50,1985,1235,4.0
51,1985,1242,12.5
52,1985,1246,3.3333333333333335
53,1985,1250,1.0
54,1985,1256,5.666666666666667
55,1985,1260,6.333333333333333
56,1985,1261,13.0
57,1985,1267,2.0
58,1985,1268,11.0
59,1985,1272,8.4
60,1985,1273,2.0
61,1985,1275,5.0
62,1985,1276,12.0
63,1985,1277,7.0
64,1986,1281,6.0
65,1986,1286,1.0
66,1986,1290,1.0
67,1986,1298,6.75
68,1986,1299,1.0
69,1986,1301,8.25
70,1986,1304,8.0
71,1986,1314,7.333333333333333
72,1986,1318,4.0
73,1986,1323,14.0
74,1986,1328,12.5
75,1986,1330,5.0
76,1986,1337,5.0
77,1986,1345,11.0
78,1986,1350,6.0
79,1986,1103,2.0
80,1986,1104,5.666666666666667
81,1986,1112,8.0
82,1986,1114,4.5
83,1986,1120,4.0
84,1986,1123,3.0
85,1986,1385,12.0
86,1986,1386,12.5
87,1986,1133,6.0
88,1986,1135,2.0
89,1986,1393,11.0
90,1986,1396,4.5
91,1986,1403,4.0
92,1986,1409,7.0
93,1986,1412,7.0
94,1986,1156,5.333333333333333
95,1986,1419,4.0
96,1986,1424,8.666666666666666
97,1986,1428,3.0
98,1986,1172,1.0
99,1986,1431,7.0
100,1986,1177,3.3333333333333335
101,1986,1180,2.0
102,1986,1181,7.666666666666667
103,1986,1437,4.5
104,1986,1438,12.0
105,1986,1439,10.0
106,1986,1443,5.0
107,1986,1449,5.0
108,1986,1193,4.0
109,1986,1452,8.0
110,1986,1462,5.0
111,1986,1207,9.0
112,1986,1210,12.0
113,1986,1228,9.0
114,1986,1231,14.0
115,1986,1234,6.0
116,1986,1235,6.0
117,1986,1239,9.0
118,1986,1242,7.4
119,1986,1246,10.0
120,1986,1257,7.5
121,1986,1261,2.8
122,1986,1265,2.0
123,1986,1268,8.0
124,1986,1272,12.5
125,1986,1275,7.0
126,1986,1276,11.0
127,1986,1277,5.666666666666667
128,1987,1281,13.0
129,1987,1283,4.5
130,1987,1292,5.0
131,1987,1298,9.0
132,1987,1299,2.0
133,1987,1301,6.0
134,1987,1309,6.0
135,1987,1314,8.0
136,1987,1318,3.0
137,1987,1323,5.666666666666667
138,1987,1326,4.5
139,1987,1328,5.333333333333333
140,1987,1335,1.0
141,1987,1338,10.0
142,1987,1344,6.0
143,1987,1345,10.0
144,1987,1104,9.333333333333334
145,1987,1360,8.0
146,1987,1365,2.0
147,1987,1112,7.0
148,1987,1120,5.0
149,1987,1122,4.5
150,1987,1380,2.0
151,1987,1385,7.0
152,1987,1393,6.5
153,1987,1137,1.0
154,1987,1395,9.0
155,1987,1396,12.5
156,1987,1140,7.0
157,1987,1141,4.0
158,1987,1401,5.0
159,1987,1409,6.0
160,1987,1155,13.0
161,1987,1412,6.0
162,1987,1417,12.5
163,1987,1424,8.0
164,1987,1431,6.0
165,1987,1177,10.0
166,1987,1181,8.666666666666666
167,1987,1438,12.0
168,1987,1443,4.5
169,1987,1193,1.0
170,1987,1196,5.333333333333333
171,1987,1452,10.0
172,1987,1455,6.0
173,1987,1204,2.0
174,1987,1461,3.3333333333333335
175,1987,1462,4.5
176,1987,1207,9.0
177,1987,1208,9.0
178,1987,1210,10.0
179,1987,1222,5.0
180,1987,1226,1.0
181,1987,1228,14.0
182,1987,1231,7.0
183,1987,1234,7.25
184,1987,1242,8.666666666666666
185,1987,1243,4.5
186,1987,1246,9.0
187,1987,1256,3.0
188,1987,1261,3.25
189,1987,1265,3.0
190,1987,1267,4.0
191,1987,1276,4.5
192,1988,1281,11.0
193,1988,1283,4.0
194,1988,1293,4.5
195,1988,1299,3.0
196,1988,1301,14.0
197,1988,1314,7.25
198,1988,1317,2.0
199,1988,1323,7.0
200,1988,1328,7.0
201,1988,1333,5.0
202,1988,1338,11.0
203,1988,1345,9.666666666666666
204,1988,1348,3.6666666666666665
205,1988,1350,3.3333333333333335
206,1988,1364,7.0
207,1988,1112,6.4
208,1988,1371,5.0
209,1988,1116,6.0
210,1988,1374,6.0
211,1988,1120,5.0
212,1988,1124,9.0
213,1988,1380,2.0
214,1988,1385,6.0
215,1988,1129,3.0
216,1988,1131,2.0
217,1988,1133,8.0
218,1988,1393,12.5
219,1988,1140,9.0
220,1988,1396,9.75
221,1988,1150,4.0
222,1988,1151,1.0
223,1988,1165,1.0
224,1988,1424,9.0
225,1988,1427,3.0
226,1988,1429,7.0
227,1988,1431,8.0
228,1988,1177,8.0
229,1988,1435,6.0
230,1988,1181,8.0
231,1988,1437,4.25
232,1988,1185,2.0
233,1988,1192,1.0
234,1988,1196,7.0
235,1988,1455,5.0
236,1988,1199,5.0
237,1988,1461,10.0
238,1988,1462,6.0
239,1988,1207,5.0
240,1988,1210,12.5
241,1988,1228,10.0
242,1988,1231,13.0
243,1988,1234,5.666666666666667
244,1988,1235,5.0
245,1988,1242,6.5
246,1988,1243,6.25
247,1988,1246,9.333333333333334
248,1988,1247,4.0
249,1988,1250,1.0
250,1988,1257,5.666666666666667
251,1988,1258,4.5
252,1988,1261,8.0
253,1988,1268,6.0
254,1988,1272,4.5
255,1988,1276,7.333333333333333
256,1989,1281,9.0
257,1989,1283,3.0
258,1989,1292,4.5
259,1989,1301,5.666666666666667
260,1989,1314,8.333333333333334
261,1989,1323,4.5
262,1989,1328,10.0
263,1989,1333,11.0
264,1989,1338,9.0
265,1989,1343,1.0
266,1989,1344,5.0
267,1989,1352,1.0
268,1989,1353,4.0
269,1989,1354,2.0
270,1989,1104,11.0
271,1989,1112,9.666666666666666
272,1989,1114,4.0
273,1989,1371,6.0
274,1989,1116,8.0
275,1989,1373,7.0
276,1989,1375,4.5
277,1989,1376,5.0
278,1989,1123,4.5
279,1989,1380,2.0
280,1989,1388,9.0
281,1989,1390,14.0
282,1989,1393,7.25
283,1989,1137,2.0
284,1989,1397,7.0
285,1989,1400,4.5
286,1989,1155,4.5
287,1989,1161,4.5
288,1989,1417,6.0
289,1989,1166,3.0
290,1989,1424,7.25
291,1989,1431,6.0
292,1989,1177,4.5
293,1989,1435,9.0
294,1989,1181,7.4
295,1989,1438,7.25
296,1989,1190,1.0
297,1989,1191,4.5
298,1989,1452,6.0
299,1989,1196,10.0
300,1989,1199,13.0
301,1989,1206,2.0
302,1989,1207,8.0
303,1989,1462,3.0
304,1989,1210,11.0
305,1989,1225,4.0
306,1989,1228,6.8
307,1989,1231,8.333333333333334
308,1989,1234,9.0
309,1989,1235,7.0
310,1989,1243,11.0
311,1989,1247,9.0
312,1989,1256,4.5
313,1989,1257,6.333333333333333
314,1989,1258,5.0
315,1989,1261,7.0
316,1989,1270,1.0
317,1989,1272,12.0
318,1989,1276,6.0
319,1989,1278,7.333333333333333
320,1990,1281,14.0
321,1990,1283,8.0
322,1990,1293,1.0
323,1990,1308,11.0
324,1990,1314,4.666666666666667
325,1990,1320,4.5
326,1990,1323,7.0
327,1990,1326,5.0
328,1990,1328,12.0
329,1990,1333,12.0
330,1990,1343,4.0
331,1990,1344,8.0
332,1990,1345,12.5
333,1990,1350,3.0
334,1990,1352,2.0
335,1990,1104,7.666666666666667
336,1990,1364,4.5
337,1990,1112,11.0
338,1990,1114,1.0
339,1990,1116,9.2
340,1990,1378,2.0
341,1990,1123,3.3333333333333335
342,1990,1379,4.0
343,1990,1385,7.0
344,1990,1131,1.0
345,1990,1393,9.333333333333334
346,1990,1140,5.0
347,1990,1396,6.0
348,1990,1143,4.5
349,1990,1400,4.75
350,1990,1406,1.0
351,1990,1155,5.666666666666667
352,1990,1411,3.0
353,1990,1412,7.0
354,1990,1417,5.0
355,1990,1161,7.0
356,1990,1163,8.25
357,1990,1419,2.0
358,1990,1164,2.0
359,1990,1424,9.0
360,1990,1173,4.5
361,1990,1431,6.0
362,1990,1181,5.5
363,1990,1438,6.0
364,1990,1437,5.0
365,1990,1190,4.0
366,1990,1462,8.0
367,1990,1207,10.0
368,1990,1208,10.0
369,1990,1210,5.2
370,1990,1222,9.0
371,1990,1225,4.0
372,1990,1228,12.0
373,1990,1229,3.0
374,1990,1231,9.0
375,1990,1242,11.0
376,1990,1243,6.0
377,1990,1247,9.0
378,1990,1257,12.5
379,1990,1258,4.25
380,1990,1261,8.0
381,1990,1276,12.5
382,1990,1277,9.666666666666666
383,1990,1278,7.75
384,1991,1280,12.0
385,1991,1285,1.0
386,1991,1293,4.0
387,1991,1296,4.0
388,1991,1301,7.0
389,1991,1304,14.0
390,1991,1307,3.0
391,1991,1308,11.0
392,1991,1309,3.0
393,1991,1314,10.0
394,1991,1318,1.0
395,1991,1326,9.333333333333334
396,1991,1329,10.0
397,1991,1336,8.0
398,1991,1337,3.0
399,1991,1338,7.0
400,1991,1343,9.0
401,1991,1345,10.0
402,1991,1350,6.0
403,1991,1353,8.0
404,1991,1104,6.333333333333333
405,1991,1112,9.333333333333334
406,1991,1113,5.0
407,1991,1371,7.0
408,1991,1116,7.75
409,1991,1375,4.0
410,1991,1379,6.0
411,1991,1384,2.0
412,1991,1385,5.25
413,1991,1389,5.0
414,1991,1393,15.0
415,1991,1140,4.5
416,1991,1396,6.5
417,1991,1400,8.0
418,1991,1406,1.0
419,1991,1157,2.0
420,1991,1417,13.0
421,1991,1163,7.333333333333333
422,1991,1419,2.0
423,1991,1166,4.5
424,1991,1424,6.6
425,1991,1425,7.0
426,1991,1428,6.333333333333333
427,1991,1177,8.0
428,1991,1435,8.0
429,1991,1181,6.833333333333333
430,1991,1437,4.5
431,1991,1438,10.0
432,1991,1185,6.333333333333333
433,1991,1190,7.0
434,1991,1448,8.0
435,1991,1453,5.0
436,1991,1199,6.0
437,1991,1462,7.0
438,1991,1207,5.0
439,1991,1208,6.0
440,1991,1209,1.0
441,1991,1210,5.0
442,1991,1231,8.333333333333334
443,1991,1234,6.0
444,1991,1242,4.333333333333333
445,1991,1256,5.0
446,1991,1261,11.0
447,1991,1277,8.0
448,1992,1281,8.0
449,1992,1283,5.0
450,1992,1285,3.0
451,1992,1290,1.0
452,1992,1293,3.0
453,1992,1304,9.0
454,1992,1308,6.333333333333333
455,1992,1314,6.333333333333333
456,1992,1326,8.75
457,1992,1328,13.0
458,1992,1329,10.333333333333334
459,1992,1330,2.0
460,1992,1337,6.0
461,1992,1343,6.0
462,1992,1352,1.0
463,1992,1104,8.0
464,1992,1112,14.0
465,1992,1371,6.333333333333333
466,1992,1116,10.0
467,1992,1378,6.0
468,1992,1385,10.0
469,1992,1390,5.0
470,1992,1393,7.0
471,1992,1140,7.0
472,1992,1396,6.0
473,1992,1400,9.0
474,1992,1144,1.0
475,1992,1150,10.0
476,1992,1408,4.5
477,1992,1153,7.8
478,1992,1417,9.5
479,1992,1418,8.0
480,1992,1163,4.5
481,1992,1419,2.0
482,1992,1425,11.0
483,1992,1174,4.0
484,1992,1431,4.333333333333333
485,1992,1177,12.0
486,1992,1181,6.5
487,1992,1183,2.0
488,1992,1190,4.5
489,1992,1191,9.0
490,1992,1448,8.0
491,1992,1452,5.0
492,1992,1199,7.333333333333333
493,1992,1200,3.0
494,1992,1204,2.0
495,1992,1207,7.0
496,1992,1210,6.0
497,1992,1222,7.0
498,1992,1224,1.0
499,1992,1231,5.4
500,1992,1234,4.5
501,1992,1235,4.5
502,1992,1242,12.5
503,1992,1246,7.25
504,1992,1247,4.0
505,1992,1257,5.0
506,1992,1261,6.0
507,1992,1269,7.333333333333333
508,1992,1272,6.25
509,1992,1275,4.0
510,1992,1276,5.5
511,1992,1277,8.0
512,1993,1281,7.0
513,1993,1304,7.0
514,1993,1307,12.0
515,1993,1308,6.0
516,1993,1309,9.0
517,1993,1314,5.5
518,1993,1329,8.0
519,1993,1335,3.0
520,1993,1338,8.0
521,1993,1345,8.0
522,1993,1348,5.0
523,1993,1351,1.0
524,1993,1356,3.0
525,1993,1365,4.5
526,1993,1112,15.0
527,1993,1371,11.0
528,1993,1116,6.333333333333333
529,1993,1374,7.0
530,1993,1123,2.0
531,1993,1380,8.0
532,1993,1385,8.0
533,1993,1129,3.0
534,1993,1140,6.0
535,1993,1396,7.25
536,1993,1398,2.0
537,1993,1143,5.333333333333333
538,1993,1403,5.0
539,1993,1151,5.0
540,1993,1408,4.5
541,1993,1153,7.25
542,1993,1157,1.0
543,1993,1417,4.5
544,1993,1419,4.0
545,1993,1164,2.0
546,1993,1428,5.0
547,1993,1174,4.0
548,1993,1435,9.0
549,1993,1181,10.0
550,1993,1438,5.333333333333333
551,1993,1443,5.0
552,1993,1187,1.0
553,1993,1191,3.0
554,1993,1448,5.666666666666667
555,1993,1199,8.25
556,1993,1203,6.333333333333333
557,1993,1460,1.0
558,1993,1462,4.5
559,1993,1210,13.0
560,1993,1221,4.0
561,1993,1228,7.0
562,1993,1231,7.75
563,1993,1234,9.0
564,1993,1235,9.0
565,1993,1242,6.0
566,1993,1243,11.0
567,1993,1246,6.6
568,1993,1253,6.0
569,1993,1257,6.333333333333333
570,1993,1261,6.0
571,1993,1264,6.0
572,1993,1266,5.0
573,1993,1269,10.0
574,1993,1272,7.0
575,1993,1276,7.666666666666667
576,1994,1281,7.75
577,1994,1298,1.0
578,1994,1299,1.0
579,1994,1304,11.0
580,1994,1307,7.0
581,1994,1308,4.0
582,1994,1314,12.5
583,1994,1325,5.0
584,1994,1329,12.5
585,1994,1335,4.5
586,1994,1337,3.0
587,1994,1344,9.0
588,1994,1345,7.75
589,1994,1351,2.0
590,1994,1356,6.0
591,1994,1104,4.5
592,1994,1112,5.4
593,1994,1371,7.0
594,1994,1116,7.333333333333333
595,1994,1129,3.0
596,1994,1130,4.25
597,1994,1387,10.0
598,1994,1393,8.666666666666666
599,1994,1396,9.0
600,1994,1398,3.0
601,1994,1143,12.0
602,1994,1400,7.0
603,1994,1402,2.0
604,1994,1151,4.0
605,1994,1409,3.3333333333333335
606,1994,1153,9.0
607,1994,1411,2.0
608,1994,1412,10.0
609,1994,1158,5.0
610,1994,1416,1.0
611,1994,1417,12.0
612,1994,1418,6.0
613,1994,1163,9.333333333333334
614,1994,1180,4.0
615,1994,1181,5.5
616,1994,1438,6.0
617,1994,1443,6.0
618,1994,1448,8.0
619,1994,1450,9.0
620,1994,1196,7.6
621,1994,1453,4.5
622,1994,1458,4.5
623,1994,1203,4.5
624,1994,1207,4.5
625,1994,1218,4.0
626,1994,1228,9.0
627,1994,1231,8.333333333333334
628,1994,1241,3.0
629,1994,1242,6.333333333333333
630,1994,1246,10.0
631,1994,1251,1.0
632,1994,1257,7.333333333333333
633,1994,1259,2.0
634,1994,1266,5.333333333333333
635,1994,1268,4.0
636,1994,1269,12.5
637,1994,1276,7.75
638,1994,1277,6.0
639,1994,1278,7.0
640,1995,1280,5.666666666666667
641,1995,1281,5.0
642,1995,1291,1.0
643,1995,1293,2.0
644,1995,1299,1.0
645,1995,1311,4.0
646,1995,1314,6.2
647,1995,1328,13.0
648,1995,1329,4.4
649,1995,1330,4.5
650,1995,1332,11.0
651,1995,1335,5.0
652,1995,1345,10.0
653,1995,1356,7.0
654,1995,1104,8.0
655,1995,1365,5.0
656,1995,1112,12.0
657,1995,1113,8.666666666666666
658,1995,1116,5.833333333333333
659,1995,1123,5.0
660,1995,1387,4.5
661,1995,1389,2.0
662,1995,1390,4.5
663,1995,1393,6.0
664,1995,1396,7.0
665,1995,1140,9.0
666,1995,1400,4.5
667,1995,1150,10.0
668,1995,1151,2.0
669,1995,1408,4.5
670,1995,1153,6.0
671,1995,1409,9.0
672,1995,1411,2.0
673,1995,1159,1.0
674,1995,1417,6.166666666666667
675,1995,1163,6.5
676,1995,1428,9.0
677,1995,1180,4.0
678,1995,1437,14.0
679,1995,1438,7.0
680,1995,1443,5.0
681,1995,1448,9.666666666666666
682,1995,1451,4.5
683,1995,1196,7.0
684,1995,1453,3.0
685,1995,1198,1.0
686,1995,1462,6.0
687,1995,1207,9.0
688,1995,1211,3.0
689,1995,1228,6.0
690,1995,1231,8.0
691,1995,1235,6.0
692,1995,1242,9.333333333333334
693,1995,1246,8.0
694,1995,1253,4.0
695,1995,1257,6.0
696,1995,1264,4.5
697,1995,1268,9.0
698,1995,1269,8.75
699,1995,1272,5.333333333333333
700,1995,1275,4.5
701,1995,1276,8.0
702,1995,1277,14.0
703,1995,1278,9.0
704,1996,1280,6.4
705,1996,1284,4.0
706,1996,1286,4.0
707,1996,1290,2.0
708,1996,1296,3.0
709,1996,1307,6.0
710,1996,1309,6.0
711,1996,1314,7.0
712,1996,1328,7.0
713,1996,1336,12.0
714,1996,1339,3.0
715,1996,1343,4.5
716,1996,1345,12.0
717,1996,1354,2.0
718,1996,1363,1.0
719,1996,1365,4.5
720,1996,1112,7.333333333333333
721,1996,1116,3.3333333333333335
722,1996,1122,3.0
723,1996,1130,4.5
724,1996,1133,9.0
725,1996,1390,4.5
726,1996,1393,6.833333333333333
727,1996,1396,6.0
728,1996,1143,5.0
729,1996,1400,4.5
730,1996,1145,4.0
731,1996,1403,7.333333333333333
732,1996,1153,7.5
733,1996,1409,6.0
734,1996,1155,8.0
735,1996,1159,1.0
736,1996,1416,1.0
737,1996,1417,13.0
738,1996,1163,10.0
739,1996,1419,2.0
740,1996,1422,2.0
741,1996,1428,6.333333333333333
742,1996,1433,5.0
743,1996,1434,3.0
744,1996,1180,4.5
745,1996,1437,10.0
746,1996,1181,9.0
747,1996,1439,4.5
748,1996,1185,4.5
749,1996,1441,1.0
750,1996,1448,8.0
751,1996,1453,9.0
752,1996,1203,6.0
753,1996,1207,6.5
754,1996,1208,4.666666666666667
755,1996,1210,9.0
756,1996,1231,11.0
757,1996,1234,7.0
758,1996,1235,8.0
759,1996,1242,8.0
760,1996,1243,7.0
761,1996,1246,6.0
762,1996,1257,5.333333333333333
763,1996,1266,12.5
764,1996,1268,10.0
765,1996,1269,8.0
766,1996,1272,12.0
767,1996,1276,10.0
768,1997,1285,1.0
769,1997,1293,2.0
770,1997,1298,2.0
771,1997,1307,10.0
772,1997,1314,8.0
773,1997,1328,6.0
774,1997,1330,3.0
775,1997,1334,4.0
776,1997,1343,5.0
777,1997,1344,6.75
778,1997,1345,5.0
779,1997,1348,8.0
780,1997,1112,6.333333333333333
781,1997,1375,4.0
782,1997,1376,15.0
783,1997,1130,8.0
784,1997,1386,6.333333333333333
785,1997,1131,5.0
786,1997,1388,3.0
787,1997,1390,5.333333333333333
788,1997,1139,3.0
789,1997,1396,4.5
790,1997,1143,5.666666666666667
791,1997,1400,9.333333333333334
792,1997,1402,1.0
793,1997,1149,2.0
794,1997,1150,6.0
795,1997,1151,6.333333333333333
796,1997,1153,10.0
797,1997,1409,8.0
798,1997,1155,6.333333333333333
799,1997,1158,4.5
800,1997,1160,4.5
801,1997,1417,7.25
802,1997,1164,6.0
803,1997,1425,6.0
804,1997,1428,7.25
805,1997,1434,5.0
806,1997,1435,7.0
807,1997,1437,9.0
808,1997,1181,12.5
809,1997,1438,8.0
810,1997,1448,10.0
811,1997,1193,1.0
812,1997,1458,10.0
813,1997,1462,6.0
814,1997,1207,7.0
815,1997,1208,14.0
816,1997,1228,12.5
817,1997,1229,6.0
818,1997,1231,9.0
819,1997,1234,5.0
820,1997,1235,5.333333333333333
821,1997,1238,1.0
822,1997,1242,9.333333333333334
823,1997,1246,5.833333333333333
824,1997,1254,4.0
825,1997,1257,6.25
826,1997,1266,10.0
827,1997,1268,12.0
828,1997,1269,6.0
829,1997,1275,4.0
830,1997,1278,6.4
831,1997,1279,9.0
832,1998,1293,8.0
833,1998,1298,1.0
834,1998,1304,6.0
835,1998,1307,9.0
836,1998,1311,1.0
837,1998,1314,6.6
838,1998,1319,2.0
839,1998,1328,7.0
840,1998,1329,5.0
841,1998,1341,1.0
842,1998,1343,8.0
843,1998,1345,9.333333333333334
844,1998,1347,1.0
845,1998,1348,6.5
846,1998,1350,7.0
847,1998,1354,2.0
848,1998,1362,3.0
849,1998,1112,8.0
850,1998,1116,7.0
851,1998,1375,5.0
852,1998,1376,14.0
853,1998,1385,10.0
854,1998,1387,4.5
855,1998,1390,7.4
856,1998,1393,5.666666666666667
857,1998,1395,12.0
858,1998,1396,10.0
859,1998,1397,9.0
860,1998,1139,4.0
861,1998,1150,5.0
862,1998,1153,12.5
863,1998,1155,11.0
864,1998,1158,3.0
865,1998,1417,5.333333333333333
866,1998,1163,8.5
867,1998,1424,5.0
868,1998,1428,5.666666666666667
869,1998,1172,3.0
870,1998,1429,4.0
871,1998,1174,2.0
872,1998,1178,4.5
873,1998,1434,8.0
874,1998,1181,7.75
875,1998,1185,4.0
876,1998,1444,4.5
877,1998,1192,2.0
878,1998,1449,7.333333333333333
879,1998,1452,4.0
880,1998,1199,9.0
881,1998,1203,8.0
882,1998,1462,11.0
883,1998,1227,8.0
884,1998,1228,8.0
885,1998,1229,4.5
886,1998,1231,6.0
887,1998,1233,5.0
888,1998,1242,12.0
889,1998,1246,6.333333333333333
890,1998,1268,6.333333333333333
891,1998,1269,10.0
892,1998,1274,6.0
893,1998,1276,10.0
894,1998,1277,6.333333333333333
895,1998,1279,13.0
896,1999,1281,9.0
897,1999,1283,3.3333333333333335
898,1999,1291,1.0
899,1999,1293,4.0
900,1999,1307,4.5
901,1999,1308,3.0
902,1999,1314,14.0
903,1999,1326,6.0
904,1999,1328,3.3333333333333335
905,1999,1329,4.5
906,1999,1335,6.0
907,1999,1345,5.0
908,1999,1348,5.0
909,1999,1359,3.0
910,1999,1108,2.0
911,1999,1112,13.0
912,1999,1116,9.0
913,1999,1373,4.0
914,1999,1117,2.0
915,1999,1120,9.666666666666666
916,1999,1385,6.5
917,1999,1390,12.5
918,1999,1393,9.0
919,1999,1396,6.25
920,1999,1397,12.5
921,1999,1400,10.0
922,1999,1150,12.5
923,1999,1153,10.0
924,1999,1409,4.5
925,1999,1412,5.0
926,1999,1158,9.0
927,1999,1417,12.0
928,1999,1163,7.5
929,1999,1166,4.5
930,1999,1427,1.0
931,1999,1428,12.5
932,1999,1174,4.0
933,1999,1178,4.5
934,1999,1434,2.0
935,1999,1181,7.5
936,1999,1437,9.0
937,1999,1191,6.0
938,1999,1449,10.0
939,1999,1451,4.5
940,1999,1196,11.666666666666666
941,1999,1197,1.0
942,1999,1457,1.0
943,1999,1458,12.0
944,1999,1203,6.0
945,1999,1206,3.0
946,1999,1211,4.0
947,1999,1231,7.0
948,1999,1234,5.666666666666667
949,1999,1242,7.0
950,1999,1245,6.0
951,1999,1246,7.75
952,1999,1248,2.0
953,1999,1257,10.0
954,1999,1268,9.333333333333334
955,1999,1274,12.5
956,1999,1275,4.0
957,1999,1277,8.4
958,1999,1278,10.0
959,1999,1279,4.5
960,2000,1281,8.0
961,2000,1314,5.2
962,2000,1319,2.0
963,2000,1326,10.0
964,2000,1328,10.0
965,2000,1329,10.0
966,2000,1332,10.0
967,2000,1335,4.0
968,2000,1337,4.5
969,2000,1345,8.0
970,2000,1354,1.0
971,2000,1359,4.0
972,2000,1111,3.0
973,2000,1112,12.0
974,2000,1369,4.0
975,2000,1371,4.0
976,2000,1116,6.0
977,2000,1120,6.0
978,2000,1123,6.0
979,2000,1382,5.0
980,2000,1385,12.5
981,2000,1387,8.0
982,2000,1390,12.0
983,2000,1393,6.333333333333333
984,2000,1139,5.0
985,2000,1396,12.5
986,2000,1397,8.666666666666666
987,2000,1400,8.0
988,2000,1148,2.0
989,2000,1153,11.0
990,2000,1409,6.5
991,2000,1417,5.333333333333333
992,2000,1418,4.0
993,2000,1163,8.0
994,2000,1166,7.0
995,2000,1423,2.0
996,2000,1424,7.0
997,2000,1428,5.0
998,2000,1173,6.0
999,2000,1429,5.0
1000,2000,1177,8.0
1001,2000,1434,1.0
1002,2000,1181,9.666666666666666
1003,2000,1196,4.833333333333333
1004,2000,1457,3.0
1005,2000,1458,4.2
1006,2000,1201,8.0
1007,2000,1211,5.0
1008,2000,1220,3.0
1009,2000,1228,9.0
1010,2000,1231,11.0
1011,2000,1232,5.0
1012,2000,1233,3.0
1013,2000,1235,7.25
1014,2000,1238,1.0
1015,2000,1242,5.0
1016,2000,1246,8.0
1017,2000,1248,2.0
1018,2000,1249,1.0
1019,2000,1257,10.0
1020,2000,1261,8.666666666666666
1021,2000,1268,10.0
1022,2000,1274,7.0
1023,2000,1277,7.166666666666667
1024,2001,1281,4.5
1025,2001,1284,1.0
1026,2001,1314,11.0
1027,2001,1322,8.5
1028,2001,1323,7.0
1029,2001,1326,12.0
1030,2001,1328,13.0
1031,2001,1329,6.0
1032,2001,1336,7.666666666666667
1033,2001,1343,2.0
1034,2001,1344,7.0
1035,2001,1106,1.0
1036,2001,1112,5.166666666666667
1037,2001,1116,10.0
1038,2001,1381,3.0
1039,2001,1130,10.0
1040,2001,1386,4.5
1041,2001,1390,8.25
1042,2001,1393,8.0
1043,2001,1139,4.5
1044,2001,1396,4.25
1045,2001,1140,5.0
1046,2001,1397,9.0
1047,2001,1143,9.0
1048,2001,1400,11.0
1049,2001,1150,4.5
1050,2001,1153,8.666666666666666
1051,2001,1417,8.666666666666666
1052,2001,1166,7.0
1053,2001,1422,1.0
1054,2001,1425,4.25
1055,2001,1169,4.0
1056,2001,1429,4.5
1057,2001,1181,6.666666666666667
1058,2001,1438,12.0
1059,2001,1183,2.0
1060,2001,1443,3.0
1061,2001,1448,10.0
1062,2001,1196,12.5
1063,2001,1201,4.5
1064,2001,1457,16.0
1065,2001,1458,11.0
1066,2001,1206,3.0
1067,2001,1207,8.333333333333334
1068,2001,1462,6.0
1069,2001,1209,4.5
1070,2001,1208,9.0
1071,2001,1211,6.333333333333333
1072,2001,1210,9.0
1073,2001,1214,6.0
1074,2001,1218,5.0
1075,2001,1220,4.0
1076,2001,1221,2.0
1077,2001,1228,7.75
1078,2001,1231,13.0
1079,2001,1232,8.0
1080,2001,1233,3.0
1081,2001,1234,6.0
1082,2001,1235,15.0
1083,2001,1242,6.333333333333333
1084,2001,1245,4.5
1085,2001,1246,9.333333333333334
1086,2001,1268,7.4
1087,2001,1277,10.0
1088,2001,1279,7.333333333333333
1089,2002,1280,10.0
1090,2002,1281,4.75
1091,2002,1285,2.0
1092,2002,1293,3.0
1093,2002,1301,6.0
1094,2002,1323,5.0
1095,2002,1326,12.5
1096,2002,1328,8.4
1097,2002,1329,10.0
1098,2002,1332,7.25
1099,2002,1335,6.0
1100,2002,1337,7.0
1101,2002,1338,10.0
1102,2002,1356,3.6666666666666665
1103,2002,1104,12.5
1104,2002,1361,4.0
1105,2002,1108,16.0
1106,2002,1364,3.0
1107,2002,1112,9.0
1108,2002,1373,8.5
1109,2002,1385,8.0
1110,2002,1130,6.0
1111,2002,1131,1.0
1112,2002,1390,5.0
1113,2002,1143,7.0
1114,2002,1400,5.333333333333333
1115,2002,1403,11.0
1116,2002,1148,3.0
1117,2002,1150,8.0
1118,2002,1409,4.5
1119,2002,1153,12.0
1120,2002,1417,7.333333333333333
1121,2002,1163,8.5
1122,2002,1166,4.5
1123,2002,1423,4.5
1124,2002,1425,13.0
1125,2002,1428,5.0
1126,2002,1172,4.0
1127,2002,1434,4.0
1128,2002,1181,9.666666666666666
1129,2002,1443,8.0
1130,2002,1448,6.0
1131,2002,1194,2.0
1132,2002,1196,12.0
1133,2002,1457,1.0
1134,2002,1458,5.0
1135,2002,1461,4.5
1136,2002,1462,6.0
1137,2002,1208,12.5
1138,2002,1211,11.0
1139,2002,1214,2.0
1140,2002,1218,7.0
1141,2002,1221,1.0
1142,2002,1227,2.0
1143,2002,1228,8.666666666666666
1144,2002,1231,6.5
1145,2002,1242,6.2
1146,2002,1245,4.25
1147,2002,1246,8.666666666666666
1148,2002,1266,12.0
1149,2002,1268,6.0
1150,2002,1270,3.0
1151,2002,1274,12.0
1152,2002,1277,7.0
1153,2002,1279,8.0
1154,2003,1280,12.0
1155,2003,1281,7.0
1156,2003,1301,8.0
1157,2003,1323,5.666666666666667
1158,2003,1328,9.75
1159,2003,1329,7.0
1160,2003,1332,9.0
1161,2003,1335,6.0
1162,2003,1338,8.333333333333334
1163,2003,1345,4.5
1164,2003,1354,1.0
1165,2003,1356,6.0
1166,2003,1358,2.0
1167,2003,1360,4.0
1168,2003,1104,7.0
1169,2003,1112,8.0
1170,2003,1113,4.5
1171,2003,1120,4.0
1172,2003,1122,4.0
1173,2003,1386,10.0
1174,2003,1390,9.0
1175,2003,1393,5.666666666666667
1176,2003,1139,3.3333333333333335
1177,2003,1140,5.0
1178,2003,1141,4.5
1179,2003,1143,5.0
1180,2003,1400,8.0
1181,2003,1407,3.0
1182,2003,1409,4.5
1183,2003,1153,9.0
1184,2003,1411,16.0
1185,2003,1160,7.0
1186,2003,1161,3.0
1187,2003,1163,5.666666666666667
1188,2003,1421,8.5
1189,2003,1166,11.0
1190,2003,1423,6.0
1191,2003,1428,4.5
1192,2003,1429,2.0
1193,2003,1173,13.0
1194,2003,1436,1.0
1195,2003,1181,9.0
1196,2003,1443,4.0
1197,2003,1190,2.0
1198,2003,1447,2.0
1199,2003,1448,12.5
1200,2003,1451,5.0
1201,2003,1196,11.0
1202,2003,1454,5.0
1203,2003,1458,8.666666666666666
1204,2003,1462,10.0
1205,2003,1211,4.5
1206,2003,1221,3.0
1207,2003,1228,9.0
1208,2003,1231,6.0
1209,2003,1237,1.0
1210,2003,1242,5.833333333333333
1211,2003,1246,8.25
1212,2003,1257,12.5
1213,2003,1261,9.0
1214,2003,1264,3.0
1215,2003,1266,5.0
1216,2003,1268,7.0
1217,2003,1272,10.0
1218,2003,1277,4.75
1219,2004,1280,11.0
1220,2004,1284,2.0
1221,2004,1293,5.0
1222,2004,1301,10.0
1223,2004,1305,4.0
1224,2004,1314,7.0
1225,2004,1320,3.0
1226,2004,1329,5.8
1227,2004,1334,4.5
1228,2004,1338,7.333333333333333
1229,2004,1343,3.0
1230,2004,1344,12.0
1231,2004,1350,6.0
1232,2004,1356,8.0
1233,2004,1102,6.0
1234,2004,1104,4.25
1235,2004,1106,1.0
1236,2004,1112,8.0
1237,2004,1371,5.0
1238,2004,1376,7.0
1239,2004,1386,7.5
1240,2004,1130,7.0
1241,2004,1390,12.0
1242,2004,1393,8.0
1243,2004,1140,5.0
1244,2004,1400,9.0
1245,2004,1403,5.0
1246,2004,1150,8.0
1247,2004,1153,9.0
1248,2004,1412,4.333333333333333
1249,2004,1416,3.0
1250,2004,1418,3.0
1251,2004,1163,6.666666666666667
1252,2004,1427,1.0
1253,2004,1428,6.0
1254,2004,1173,7.0
1255,2004,1431,4.0
1256,2004,1177,6.0
1257,2004,1433,4.0
1258,2004,1435,5.333333333333333
1259,2004,1434,2.0
1260,2004,1181,7.6
1261,2004,1436,2.0
1262,2004,1186,2.0
1263,2004,1444,6.0
1264,2004,1190,4.0
1265,2004,1448,8.666666666666666
1266,2004,1449,9.0
1267,2004,1196,12.0
1268,2004,1197,8.5
1269,2004,1458,7.0
1270,2004,1462,4.0
1271,2004,1210,6.333333333333333
1272,2004,1211,12.5
1273,2004,1227,4.0
1274,2004,1228,5.666666666666667
1275,2004,1242,9.25
1276,2004,1246,12.5
1277,2004,1250,16.0
1278,2004,1251,1.0
1279,2004,1257,7.0
1280,2004,1264,4.5
1281,2004,1268,9.0
1282,2004,1272,6.0
1283,2004,1277,10.0
1284,2005,1280,4.5
1285,2005,1285,1.0
1286,2005,1301,5.0
1287,2005,1305,4.5
1288,2005,1307,5.0
1289,2005,1310,3.0
1290,2005,1314,7.0
1291,2005,1320,6.0
1292,2005,1324,8.5
1293,2005,1325,4.0
1294,2005,1328,10.0
1295,2005,1329,8.333333333333334
1296,2005,1330,5.0
1297,2005,1334,5.0
1298,2005,1335,4.0
1299,2005,1338,8.0
1300,2005,1356,6.0
1301,2005,1104,12.0
1302,2005,1105,16.0
1303,2005,1112,7.0
1304,2005,1368,2.0
1305,2005,1130,12.5
1306,2005,1388,7.0
1307,2005,1390,9.0
1308,2005,1137,4.5
1309,2005,1393,13.0
1310,2005,1400,9.0
1311,2005,1403,7.0
1312,2005,1150,10.0
1313,2005,1151,2.0
1314,2005,1153,6.0
1315,2005,1412,4.5
1316,2005,1416,2.0
1317,2005,1417,6.0
1318,2005,1418,4.0
1319,2005,1163,12.5
1320,2005,1166,7.0
1321,2005,1428,5.333333333333333
1322,2005,1429,3.0
1323,2005,1431,6.0
1324,2005,1175,1.0
1325,2005,1436,4.5
1326,2005,1181,10.0
1327,2005,1437,5.666666666666667
1328,2005,1184,2.0
1329,2005,1448,11.0
1330,2005,1449,9.333333333333334
1331,2005,1192,1.0
1332,2005,1452,5.5
1333,2005,1196,9.0
1334,2005,1454,3.3333333333333335
1335,2005,1457,3.0
1336,2005,1458,9.0
1337,2005,1203,5.0
1338,2005,1210,8.0
1339,2005,1211,10.0
1340,2005,1228,7.5
1341,2005,1234,7.0
1342,2005,1235,4.5
1343,2005,1242,14.0
1344,2005,1246,8.25
1345,2005,1257,5.4
1346,2005,1261,11.0
1347,2005,1277,5.8
1348,2005,1278,9.0
1349,2006,1284,8.5
1350,2006,1285,4.5
1351,2006,1293,3.0
1352,2006,1301,4.5
1353,2006,1305,12.0
1354,2006,1314,12.5
1355,2006,1320,7.0
1356,2006,1322,4.5
1357,2006,1326,11.0
1358,2006,1328,11.0
1359,2006,1331,1.0
1360,2006,1334,4.0
1361,2006,1335,2.0
1362,2006,1338,12.5
1363,2006,1356,6.0
1364,2006,1102,4.0
1365,2006,1104,4.5
1366,2006,1361,6.0
1367,2006,1107,1.0
1368,2006,1112,5.0
1369,2006,1371,7.0
1370,2006,1116,9.0
1371,2006,1375,3.0
1372,2006,1380,1.0
1373,2006,1125,2.0
1374,2006,1130,8.666666666666666
1375,2006,1133,3.3333333333333335
1376,2006,1137,4.5
1377,2006,1393,12.0
1378,2006,1397,11.0
1379,2006,1143,10.0
1380,2006,1400,8.75
1381,2006,1401,4.5
1382,2006,1412,8.0
1383,2006,1417,6.0
1384,2006,1163,10.0
1385,2006,1423,8.0
1386,2006,1172,2.0
1387,2006,1429,5.0
1388,2006,1181,9.333333333333334
1389,2006,1437,7.75
1390,2006,1449,5.666666666666667
1391,2006,1196,7.666666666666667
1392,2006,1452,9.0
1393,2006,1454,4.5
1394,2006,1455,7.666666666666667
1395,2006,1457,2.0
1396,2006,1458,8.0
1397,2006,1203,5.0
1398,2006,1206,4.0
1399,2006,1207,5.0
1400,2006,1462,3.0
1401,2006,1211,7.333333333333333
1402,2006,1214,16.0
1403,2006,1228,9.0
1404,2006,1231,7.0
1405,2006,1233,4.0
1406,2006,1234,14.0
1407,2006,1242,13.0
1408,2006,1245,5.0
1409,2006,1246,5.0
1410,2006,1261,6.0
1411,2006,1266,10.0
1412,2006,1272,10.0
1413,2006,1277,11.0
1414,2007,1305,6.0
1415,2007,1308,4.0
1416,2007,1310,8.5
1417,2007,1314,8.0
1418,2007,1317,2.0
1419,2007,1323,11.0
1420,2007,1326,5.833333333333333
1421,2007,1330,5.0
1422,2007,1331,3.0
1423,2007,1332,8.25
1424,2007,1335,3.0
1425,2007,1338,9.0
1426,2007,1345,4.5
1427,2007,1356,6.333333333333333
1428,2007,1107,4.0
1429,2007,1112,9.0
1430,2007,1116,5.0
1431,2007,1125,2.0
1432,2007,1130,6.0
1433,2007,1390,6.0
1434,2007,1394,2.0
1435,2007,1139,5.666666666666667
1436,2007,1140,9.0
1437,2007,1397,5.666666666666667
1438,2007,1400,9.0
1439,2007,1401,7.333333333333333
1440,2007,1403,7.0
1441,2007,1148,1.0
1442,2007,1417,5.4
1443,2007,1166,7.0
1444,2007,1424,5.0
1445,2007,1425,5.666666666666667
1446,2007,1172,4.0
1447,2007,1433,4.5
1448,2007,1435,5.333333333333333
1449,2007,1181,11.0
1450,2007,1438,9.0
1451,2007,1439,8.0
1452,2007,1437,8.0
1453,2007,1184,1.0
1454,2007,1450,10.0
1455,2007,1451,2.0
1456,2007,1196,6.0
1457,2007,1197,16.0
1458,2007,1457,4.5
1459,2007,1458,11.0
1460,2007,1203,6.0
1461,2007,1460,3.0
1462,2007,1462,4.5
1463,2007,1207,6.0
1464,2007,1210,7.0
1465,2007,1211,7.0
1466,2007,1221,4.0
1467,2007,1228,5.0
1468,2007,1231,6.0
1469,2007,1238,1.0
1470,2007,1242,7.5
1471,2007,1246,5.0
1472,2007,1253,5.0
1473,2007,1257,7.0
1474,2007,1266,9.0
1475,2007,1268,9.0
1476,2007,1272,6.5
1477,2007,1275,3.0
1478,2007,1277,4.5
1479,2008,1280,5.0
1480,2008,1290,1.0
1481,2008,1291,8.5
1482,2008,1314,6.6
1483,2008,1323,8.0
1484,2008,1328,7.0
1485,2008,1331,4.0
1486,2008,1332,8.0
1487,2008,1338,9.0
1488,2008,1340,1.0
1489,2008,1345,7.0
1490,2008,1360,8.0
1491,2008,1110,2.0
1492,2008,1112,7.0
1493,2008,1116,4.5
1494,2008,1373,8.0
1495,2008,1375,7.0
1496,2008,1122,2.0
1497,2008,1124,6.0
1498,2008,1125,2.0
1499,2008,1129,3.0
1500,2008,1386,6.0
1501,2008,1388,7.0
1502,2008,1390,7.333333333333333
1503,2008,1139,6.0
1504,2008,1396,5.0
1505,2008,1397,8.333333333333334
1506,2008,1140,9.0
1507,2008,1400,6.5
1508,2008,1401,4.5
1509,2008,1155,12.0
1510,2008,1417,8.2
1511,2008,1163,13.0
1512,2008,1164,16.0
1513,2008,1165,3.0
1514,2008,1420,2.0
1515,2008,1424,5.0
1516,2008,1168,3.0
1517,2008,1425,11.0
1518,2008,1426,1.0
1519,2008,1172,3.25
1520,2008,1435,13.0
1521,2008,1179,12.0
1522,2008,1181,11.0
1523,2008,1437,6.333333333333333
1524,2008,1443,6.333333333333333
1525,2008,1450,6.333333333333333
1526,2008,1452,5.0
1527,2008,1457,4.0
1528,2008,1458,11.666666666666666
1529,2008,1462,7.0
1530,2008,1207,12.5
1531,2008,1206,5.0
1532,2008,1208,3.0
1533,2008,1211,10.0
1534,2008,1231,9.0
1535,2008,1242,8.0
1536,2008,1243,4.5
1537,2008,1245,8.0
1538,2008,1246,6.0
1539,2008,1257,5.75
1540,2008,1266,7.0
1541,2008,1272,5.5
1542,2008,1274,6.0
1543,2008,1277,5.666666666666667
1544,2009,1280,4.0
1545,2009,1281,5.75
1546,2009,1287,8.5
1547,2009,1288,2.0
1548,2009,1295,3.0
1549,2009,1314,5.833333333333333
1550,2009,1320,5.0
1551,2009,1326,9.0
1552,2009,1328,7.25
1553,2009,1329,5.0
1554,2009,1338,7.75
1555,2009,1340,4.0
1556,2009,1345,5.666666666666667
1557,2009,1347,1.0
1558,2009,1352,2.0
1559,2009,1103,4.0
1560,2009,1106,16.0
1561,2009,1110,3.0
1562,2009,1112,6.333333333333333
1563,2009,1113,7.0
1564,2009,1372,3.0
1565,2009,1373,4.5
1566,2009,1127,2.0
1567,2009,1130,10.0
1568,2009,1393,7.333333333333333
1569,2009,1139,8.0
1570,2009,1140,9.0
1571,2009,1396,6.0
1572,2009,1397,8.0
1573,2009,1143,10.0
1574,2009,1400,6.0
1575,2009,1401,4.5
1576,2009,1151,1.0
1577,2009,1155,10.0
1578,2009,1156,8.0
1579,2009,1417,7.0
1580,2009,1163,7.0
1581,2009,1165,3.0
1582,2009,1425,4.5
1583,2009,1169,2.0
1584,2009,1428,12.0
1585,2009,1173,4.5
1586,2009,1429,6.0
1587,2009,1433,6.0
1588,2009,1181,8.333333333333334
1589,2009,1437,4.8
1590,2009,1443,4.5
1591,2009,1190,1.0
1592,2009,1448,13.0
1593,2009,1449,9.0
1594,2009,1452,11.0
1595,2009,1199,12.0
1596,2009,1458,4.5
1597,2009,1462,8.666666666666666
1598,2009,1211,8.666666666666666
1599,2009,1228,12.0
1600,2009,1242,9.0
1601,2009,1257,9.75
1602,2009,1261,5.0
1603,2009,1266,7.0
1604,2009,1268,4.5
1605,2009,1272,9.333333333333334
1606,2009,1276,4.5
1607,2009,1277,5.166666666666667
1608,2009,1278,7.0
1609,2010,1281,4.5
1610,2010,1285,3.0
1611,2010,1288,2.0
1612,2010,1293,4.5
1613,2010,1307,12.5
1614,2010,1308,5.0
1615,2010,1317,2.0
1616,2010,1320,4.666666666666667
1617,2010,1323,11.0
1618,2010,1324,3.0
1619,2010,1325,4.5
1620,2010,1326,10.333333333333334
1621,2010,1329,10.0
1622,2010,1330,4.5
1623,2010,1338,10.0
1624,2010,1345,6.333333333333333
1625,2010,1350,10.0
1626,2010,1352,2.0
1627,2010,1358,3.0
1628,2010,1361,6.0
1629,2010,1364,2.0
1630,2010,1115,8.5
1631,2010,1373,4.0
1632,2010,1124,9.0
1633,2010,1388,4.0
1634,2010,1393,9.666666666666666
1635,2010,1139,5.666666666666667
1636,2010,1140,6.0
1637,2010,1397,8.0
1638,2010,1396,12.0
1639,2010,1143,5.0
1640,2010,1400,9.0
1641,2010,1401,8.0
1642,2010,1155,10.0
1643,2010,1165,3.3333333333333335
1644,2010,1424,9.0
1645,2010,1429,5.0
1646,2010,1431,5.0
1647,2010,1435,13.0
1648,2010,1436,1.0
1649,2010,1437,12.5
1650,2010,1181,6.333333333333333
1651,2010,1190,1.0
1652,2010,1448,4.5
1653,2010,1449,3.6666666666666665
1654,2010,1452,7.6
1655,2010,1196,7.0
1656,2010,1199,8.0
1657,2010,1457,16.0
1658,2010,1458,12.5
1659,2010,1459,4.0
1660,2010,1462,5.333333333333333
1661,2010,1207,14.0
1662,2010,1210,4.5
1663,2010,1211,5.0
1664,2010,1222,4.0
1665,2010,1242,12.5
1666,2010,1243,8.25
1667,2010,1246,9.75
1668,2010,1250,1.0
1669,2010,1257,8.0
1670,2010,1266,11.0
1671,2010,1268,9.0
1672,2010,1277,7.2
1673,2010,1278,6.0
1674,2011,1281,6.0
1675,2011,1287,8.0
1676,2011,1294,2.0
1677,2011,1314,9.25
1678,2011,1323,12.5
1679,2011,1324,4.0
1680,2011,1326,9.333333333333334
1681,2011,1330,8.0
1682,2011,1336,7.0
1683,2011,1338,12.0
1684,2011,1343,4.0
1685,2011,1345,12.5
1686,2011,1350,6.333333333333333
1687,2011,1103,2.0
1688,2011,1361,8.333333333333334
1689,2011,1106,16.0
1690,2011,1364,2.0
1691,2011,1112,5.0
1692,2011,1114,16.0
1693,2011,1125,4.0
1694,2011,1385,11.0
1695,2011,1131,1.0
1696,2011,1389,3.0
1697,2011,1393,12.5
1698,2011,1137,3.0
1699,2011,1139,5.0
1700,2011,1140,9.0
1701,2011,1396,6.0
1702,2011,1397,8.0
1703,2011,1400,9.0
1704,2011,1401,10.0
1705,2011,1153,7.0
1706,2011,1155,8.5
1707,2011,1412,12.0
1708,2011,1417,6.0
1709,2011,1163,6.5
1710,2011,1421,8.5
1711,2011,1424,9.0
1712,2011,1425,11.0
1713,2011,1427,8.5
1714,2011,1429,5.0
1715,2011,1433,6.5
1716,2011,1435,12.0
1717,2011,1181,9.666666666666666
1718,2011,1437,8.0
1719,2011,1449,6.0
1720,2011,1196,8.25
1721,2011,1452,8.0
1722,2011,1199,6.666666666666667
1723,2011,1458,8.666666666666666
1724,2011,1459,3.0
1725,2011,1206,5.0
1726,2011,1462,11.0
1727,2011,1207,11.0
1728,2011,1208,7.0
1729,2011,1211,4.5
1730,2011,1214,1.0
1731,2011,1228,4.5
1732,2011,1232,3.0
1733,2011,1242,12.0
1734,2011,1243,8.0
1735,2011,1246,4.8
1736,2011,1254,2.0
1737,2011,1257,13.0
1738,2011,1266,3.6666666666666665
1739,2011,1272,5.0
1740,2011,1276,5.0
1741,2011,1277,7.0
1742,2012,1281,15.0
1743,2012,1285,4.0
1744,2012,1290,16.0
1745,2012,1293,7.0
1746,2012,1301,3.6666666666666665
1747,2012,1307,8.0
1748,2012,1308,4.0
1749,2012,1313,4.5
1750,2012,1314,9.75
1751,2012,1323,10.0
1752,2012,1325,5.666666666666667
1753,2012,1326,6.2
1754,2012,1345,4.5
1755,2012,1355,3.0
1756,2012,1104,8.0
1757,2012,1361,11.0
1758,2012,1378,10.0
1759,2012,1379,8.0
1760,2012,1124,9.0
1761,2012,1125,3.0
1762,2012,1382,3.0
1763,2012,1387,4.5
1764,2012,1388,10.0
1765,2012,1393,7.5
1766,2012,1140,8.5
1767,2012,1396,12.0
1768,2012,1143,12.0
1769,2012,1400,6.0
1770,2012,1153,5.333333333333333
1771,2012,1160,4.5
1772,2012,1161,6.0
1773,2012,1163,8.0
1774,2012,1421,1.0
1775,2012,1166,5.0
1776,2012,1424,11.0
1777,2012,1172,4.0
1778,2012,1433,4.5
1779,2012,1178,2.0
1780,2012,1435,8.0
1781,2012,1436,8.5
1782,2012,1181,15.0
1783,2012,1438,7.0
1784,2012,1443,8.5
1785,2012,1196,8.0
1786,2012,1452,7.0
1787,2012,1199,10.0
1788,2012,1455,12.0
1789,2012,1458,6.333333333333333
1790,2012,1462,8.333333333333334
1791,2012,1207,12.5
1792,2012,1211,6.0
1793,2012,1217,5.0
1794,2012,1231,8.666666666666666
1795,2012,1233,14.0
1796,2012,1235,5.0
1797,2012,1242,6.666666666666667
1798,2012,1243,5.0
1799,2012,1246,6.166666666666667
1800,2012,1249,16.0
1801,2012,1250,6.0
1802,2012,1253,5.0
1803,2012,1254,1.0
1804,2012,1257,5.4
1805,2012,1259,2.0
1806,2012,1266,9.0
1807,2012,1272,9.0
1808,2012,1276,13.0
1809,2012,1277,9.666666666666666
1810,2013,1281,8.0
1811,2013,1285,4.0
1812,2013,1292,11.0
1813,2013,1299,8.5
1814,2013,1301,9.0
1815,2013,1307,14.0
1816,2013,1308,4.0
1817,2013,1314,5.0
1818,2013,1322,3.0
1819,2013,1323,10.0
1820,2013,1326,10.0
1821,2013,1328,7.0
1822,2013,1329,12.0
1823,2013,1332,3.3333333333333335
1824,2013,1334,2.0
1825,2013,1338,9.0
1826,2013,1355,4.0
1827,2013,1103,5.0
1828,2013,1361,12.5
1829,2013,1107,2.0
1830,2013,1112,9.0
1831,2013,1380,1.0
1832,2013,1125,6.0
1833,2013,1129,13.0
1834,2013,1387,12.5
1835,2013,1388,8.5
1836,2013,1393,6.6
1837,2013,1137,6.0
1838,2013,1139,7.0
1839,2013,1396,4.5
1840,2013,1143,4.5
1841,2013,1153,7.0
1842,2013,1160,7.0
1843,2013,1161,5.0
1844,2013,1417,11.0
1845,2013,1166,6.0
1846,2013,1424,12.0
1847,2013,1172,3.0
1848,2013,1433,8.0
1849,2013,1434,3.0
1850,2013,1181,6.5
1851,2013,1437,8.0
1852,2013,1443,1.0
1853,2013,1195,4.0
1854,2013,1196,11.0
1855,2013,1455,5.0
1856,2013,1458,12.0
1857,2013,1207,15.0
1858,2013,1211,12.5
1859,2013,1217,4.5
1860,2013,1228,6.0
1861,2013,1231,9.666666666666666
1862,2013,1233,2.0
1863,2013,1235,4.5
1864,2013,1241,8.5
1865,2013,1242,9.333333333333334
1866,2013,1243,13.0
1867,2013,1247,9.5
1868,2013,1251,16.0
1869,2013,1254,16.0
1870,2013,1257,8.5
1871,2013,1266,6.5
1872,2013,1272,7.0
1873,2013,1274,8.333333333333334
1874,2013,1276,4.5
1875,2013,1277,7.333333333333333
1876,2013,1278,4.5
1877,2013,1279,9.0
1878,2014,1291,16.0
1879,2014,1295,4.5
1880,2014,1300,3.0
1881,2014,1301,8.5
1882,2014,1304,6.0
1883,2014,1307,10.0
1884,2014,1308,4.0
1885,2014,1314,7.0
1886,2014,1326,11.0
1887,2014,1328,12.0
1888,2014,1329,8.0
1889,2014,1332,6.0
1890,2014,1338,4.5
1891,2014,1344,6.0
1892,2014,1361,8.666666666666666
1893,2014,1107,8.5
1894,2014,1110,2.0
1895,2014,1112,7.5
1896,2014,1113,7.0
1897,2014,1372,4.5
1898,2014,1124,5.333333333333333
1899,2014,1386,7.0
1900,2014,1387,8.0
1901,2014,1390,6.666666666666667
1902,2014,1393,12.5
1903,2014,1140,7.0
1904,2014,1397,8.25
1905,2014,1142,8.5
1906,2014,1400,6.0
1907,2014,1153,12.0
1908,2014,1409,4.0
1909,2014,1411,16.0
1910,2014,1157,1.0
1911,2014,1160,9.0
1912,2014,1417,8.666666666666666
1913,2014,1418,3.0
1914,2014,1163,4.666666666666667
1915,2014,1166,10.0
1916,2014,1173,5.0
1917,2014,1174,4.0
1918,2014,1433,12.0
1919,2014,1437,11.0
1920,2014,1438,9.333333333333334
1921,2014,1181,14.0
1922,2014,1184,2.0
1923,2014,1444,3.0
1924,2014,1451,1.0
1925,2014,1196,9.4
1926,2014,1454,2.0
1927,2014,1455,12.0
1928,2014,1458,7.4
1929,2014,1459,2.0
1930,2014,1203,8.0
1931,2014,1462,12.0
1932,2014,1211,5.0
1933,2014,1217,4.5
1934,2014,1234,11.0
1935,2014,1235,9.0
1936,2014,1242,12.5
1937,2014,1243,8.0
1938,2014,1246,4.166666666666667
1939,2014,1257,8.666666666666666
1940,2014,1264,4.0
1941,2014,1269,11.0
1942,2014,1272,5.0
1943,2014,1273,7.0
1944,2014,1276,10.25
1945,2014,1277,8.25
1946,2015,1295,2.0
1947,2015,1301,4.666666666666667
1948,2015,1308,2.0
1949,2015,1314,6.333333333333333
1950,2015,1316,16.0
1951,2015,1318,3.0
1952,2015,1320,8.0
1953,2015,1323,7.0
1954,2015,1326,4.5
1955,2015,1328,10.666666666666666
1956,2015,1329,8.0
1957,2015,1332,5.0
1958,2015,1344,11.0
1959,2015,1345,8.0
1960,2015,1352,8.5
1961,2015,1361,5.0
1962,2015,1107,3.0
1963,2015,1112,8.0
1964,2015,1116,8.0
1965,2015,1372,5.0
1966,2015,1374,11.0
1967,2015,1124,14.0
1968,2015,1125,2.0
1969,2015,1129,11.0
1970,2015,1385,8.0
1971,2015,1138,5.0
1972,2015,1139,7.0
1973,2015,1140,11.0
1974,2015,1400,6.0
1975,2015,1153,5.0
1976,2015,1411,2.0
1977,2015,1412,7.0
1978,2015,1157,1.0
1979,2015,1414,4.0
1980,2015,1417,7.333333333333333
1981,2015,1428,5.666666666666667
1982,2015,1173,6.666666666666667
1983,2015,1172,7.0
1984,2015,1433,10.0
1985,2015,1434,4.0
1986,2015,1437,12.0
1987,2015,1181,6.5
1988,2015,1438,11.0
1989,2015,1186,4.0
1990,2015,1452,5.666666666666667
1991,2015,1455,5.0
1992,2015,1458,5.333333333333333
1993,2015,1459,5.0
1994,2015,1461,5.0
1995,2015,1462,9.0
1996,2015,1207,9.0
1997,2015,1208,7.0
1998,2015,1209,4.5
1999,2015,1211,8.5
2000,2015,1214,8.5
2001,2015,1217,4.0
2002,2015,1231,7.0
2003,2015,1234,6.0
2004,2015,1235,14.0
2005,2015,1242,11.0
2006,2015,1246,6.6
2007,2015,1248,1.0
2008,2015,1257,8.25
2009,2015,1261,8.0
2010,2015,1264,16.0
2011,2015,1268,9.0
2012,2015,1277,4.0
2013,2015,1279,8.5
2014,2016,1292,6.0
2015,2016,1314,8.0
2016,2016,1320,4.5
2017,2016,1323,8.25
2018,2016,1328,6.2
2019,2016,1332,7.5
2020,2016,1333,10.0
2021,2016,1338,7.0
2022,2016,1344,4.5
2023,2016,1345,12.0
2024,2016,1355,5.0
2025,2016,1112,11.0
2026,2016,1114,4.5
2027,2016,1371,11.0
2028,2016,1372,4.5
2029,2016,1122,1.0
2030,2016,1380,16.0
2031,2016,1124,12.0
2032,2016,1386,5.0
2033,2016,1392,4.0
2034,2016,1393,7.0
2035,2016,1138,3.0
2036,2016,1139,4.5
2037,2016,1396,7.0
2038,2016,1143,13.0
2039,2016,1400,11.0
2040,2016,1401,9.0
2041,2016,1403,9.0
2042,2016,1151,5.0
2043,2016,1409,11.0
2044,2016,1153,8.0
2045,2016,1160,9.0
2046,2016,1163,4.5
2047,2016,1421,2.0
2048,2016,1423,4.0
2049,2016,1167,2.0
2050,2016,1425,9.0
2051,2016,1428,12.5
2052,2016,1173,10.0
2053,2016,1433,4.5
2054,2016,1435,11.0
2055,2016,1181,8.666666666666666
2056,2016,1438,9.75
2057,2016,1437,4.833333333333333
2058,2016,1192,16.0
2059,2016,1195,8.5
2060,2016,1452,14.0
2061,2016,1453,3.0
2062,2016,1451,2.0
2063,2016,1455,6.666666666666667
2064,2016,1201,3.0
2065,2016,1458,6.0
2066,2016,1462,11.0
2067,2016,1463,4.5
2068,2016,1211,6.333333333333333
2069,2016,1214,1.0
2070,2016,1218,4.5
2071,2016,1221,8.5
2072,2016,1231,5.666666666666667
2073,2016,1233,4.0
2074,2016,1234,6.0
2075,2016,1235,8.666666666666666
2076,2016,1242,8.0
2077,2016,1246,9.0
2078,2016,1268,8.666666666666666
2079,2016,1274,9.0
2080,2016,1276,8.5
2081,2016,1277,15.0
2082,2017,1291,8.5
2083,2017,1292,4.5
2084,2017,1297,2.0
2085,2017,1300,16.0
2086,2017,1305,5.0
2087,2017,1308,3.0
2088,2017,1309,16.0
2089,2017,1314,5.666666666666667
2090,2017,1315,2.0
2091,2017,1321,5.0
2092,2017,1323,8.0
2093,2017,1329,7.0
2094,2017,1332,6.8
2095,2017,1343,5.0
2096,2017,1344,11.0
2097,2017,1345,6.333333333333333
2098,2017,1348,4.5
2099,2017,1355,1.0
2100,2017,1112,11.0
2101,2017,1371,8.0
2102,2017,1116,5.0
2103,2017,1374,11.0
2104,2017,1376,4.0
2105,2017,1124,10.666666666666666
2106,2017,1388,6.0
2107,2017,1137,4.0
2108,2017,1139,8.666666666666666
2109,2017,1407,2.0
2110,2017,1153,7.0
2111,2017,1411,1.0
2112,2017,1413,8.5
2113,2017,1417,7.333333333333333
2114,2017,1166,11.0
2115,2017,1423,5.0
2116,2017,1425,6.666666666666667
2117,2017,1173,10.0
2118,2017,1433,7.0
2119,2017,1435,8.0
2120,2017,1436,4.0
2121,2017,1437,12.0
2122,2017,1438,8.0
2123,2017,1181,11.0
2124,2017,1439,8.0
2125,2017,1190,4.0
2126,2017,1448,11.0
2127,2017,1195,3.0
2128,2017,1196,8.25
2129,2017,1452,6.333333333333333
2130,2017,1199,12.5
2131,2017,1455,4.5
2132,2017,1457,4.0
2133,2017,1458,4.666666666666667
2134,2017,1462,3.0
2135,2017,1211,7.833333333333333
2136,2017,1233,3.0
2137,2017,1235,8.0
2138,2017,1240,2.0
2139,2017,1242,8.0
2140,2017,1243,8.5
2141,2017,1245,3.0
2142,2017,1246,7.25
2143,2017,1257,11.0
2144,2017,1266,7.0
2145,2017,1268,11.0
2146,2017,1274,9.0
2147,2017,1276,5.0
2148,2017,1277,4.5
2149,2017,1278,12.0
2150,2018,1281,9.0
2151,2018,1285,3.0
2152,2018,1293,5.0
2153,2018,1300,16.0
2154,2018,1301,8.0
2155,2018,1305,7.666666666666667
2156,2018,1308,5.0
2157,2018,1314,11.0
2158,2018,1326,8.0
2159,2018,1328,7.0
2160,2018,1335,1.0
2161,2018,1344,7.0
2162,2018,1345,9.333333333333334
2163,2018,1347,8.5
2164,2018,1348,6.0
2165,2018,1355,5.0
2166,2018,1104,4.5
2167,2018,1361,6.0
2168,2018,1112,13.0
2169,2018,1113,11.0
2170,2018,1371,5.0
2171,2018,1372,3.0
2172,2018,1116,10.0
2173,2018,1120,9.0
2174,2018,1382,8.5
2175,2018,1393,5.5
2176,2018,1138,4.5
2177,2018,1139,4.5
2178,2018,1137,3.0
2179,2018,1397,12.5
2180,2018,1395,11.0
2181,2018,1400,7.0
2182,2018,1401,5.0
2183,2018,1403,5.75
2184,2018,1153,11.0
2185,2018,1411,8.5
2186,2018,1155,5.666666666666667
2187,2018,1158,4.0
2188,2018,1417,11.0
2189,2018,1420,5.0
2190,2018,1422,4.0
2191,2018,1166,9.0
2192,2018,1168,2.0
2193,2018,1172,5.0
2194,2018,1181,8.5
2195,2018,1437,6.166666666666667
2196,2018,1438,16.0
2197,2018,1439,9.0
2198,2018,1196,7.0
2199,2018,1452,8.666666666666666
2200,2018,1199,4.0
2201,2018,1455,13.0
2202,2018,1460,3.0
2203,2018,1462,12.5
2204,2018,1209,2.0
2205,2018,1211,9.0
2206,2018,1222,7.0
2207,2018,1233,2.0
2208,2018,1242,6.4
2209,2018,1243,10.0
2210,2018,1246,11.333333333333334
2211,2018,1252,2.0
2212,2018,1254,16.0
2213,2018,1260,5.6
2214,2018,1267,4.5
2215,2018,1274,11.0
2216,2018,1276,8.0
2217,2018,1277,12.5
2218,2019,1280,12.0
2219,2019,1285,2.0
2220,2019,1293,4.5
2221,2019,1295,8.5
2222,2019,1297,3.0
2223,2019,1300,16.0
2224,2019,1305,10.0
2225,2019,1308,5.0
2226,2019,1314,10.0
2227,2019,1318,4.0
2228,2019,1326,4.5
2229,2019,1328,4.5
2230,2019,1330,3.0
2231,2019,1332,6.333333333333333
2232,2019,1341,16.0
2233,2019,1345,5.75
2234,2019,1101,2.0
2235,2019,1113,8.5
2236,2019,1371,7.0
2237,2019,1120,4.0
2238,2019,1124,4.5
2239,2019,1125,8.5
2240,2019,1385,11.0
2241,2019,1387,4.0
2242,2019,1388,6.0
2243,2019,1133,2.0
2244,2019,1393,9.0
2245,2019,1138,7.0
2246,2019,1396,11.0
2247,2019,1397,9.333333333333334
2248,2019,1403,4.333333333333333
2249,2019,1153,10.0
2250,2019,1414,8.0
2251,2019,1159,2.0
2252,2019,1416,4.5
2253,2019,1429,9.0
2254,2019,1433,9.0
2255,2019,1436,4.0
2256,2019,1437,7.0
2257,2019,1181,7.75
2258,2019,1438,8.0
2259,2019,1439,8.666666666666666
2260,2019,1192,8.5
2261,2019,1449,4.5
2262,2019,1196,4.5
2263,2019,1199,8.666666666666666
2264,2019,1458,12.0
2265,2019,1459,6.0
2266,2019,1205,1.0
2267,2019,1463,3.0
2268,2019,1209,3.0
2269,2019,1211,8.0
2270,2019,1222,9.0
2271,2019,1233,1.0
2272,2019,1234,4.5
2273,2019,1235,11.0
2274,2019,1242,9.0
2275,2019,1243,13.0
2276,2019,1246,7.5
2277,2019,1251,4.5
2278,2019,1257,10.0
2279,2019,1261,7.333333333333333
2280,2019,1266,12.0
2281,2019,1268,7.0
2282,2019,1276,9.333333333333334
2283,2019,1277,6.4
2284,2019,1278,4.5
2285,2019,1279,9.0
2286,2021,1281,8.0
2287,2021,1287,3.0
2288,2021,1291,16.0
2289,2021,1313,8.5
2290,2021,1314,9.0
2291,2021,1317,4.5
2292,2021,1325,4.5
2293,2021,1326,15.0
2294,2021,1328,5.0
2295,2021,1329,12.5
2296,2021,1331,4.0
2297,2021,1332,4.0
2298,2021,1333,4.75
2299,2021,1345,13.0
2300,2021,1353,4.5
2301,2021,1101,7.0
2302,2021,1104,12.0
2303,2021,1361,11.0
2304,2021,1364,5.0
2305,2021,1111,16.0
2306,2021,1116,9.0
2307,2021,1124,6.0
2308,2021,1382,8.0
2309,2021,1393,3.6666666666666665
2310,2021,1140,11.0
2311,2021,1397,12.0
2312,2021,1400,14.0
2313,2021,1403,7.0
2314,2021,1411,8.5
2315,2021,1155,10.0
2316,2021,1156,2.0
2317,2021,1159,3.0
2318,2021,1160,8.0
2319,2021,1417,5.833333333333333
2320,2021,1163,10.0
2321,2021,1166,8.666666666666666
2322,2021,1422,4.0
2323,2021,1425,5.5
2324,2021,1429,6.0
2325,2021,1179,8.5
2326,2021,1180,1.0
2327,2021,1437,8.666666666666666
2328,2021,1438,13.0
2329,2021,1439,7.0
2330,2021,1186,3.0
2331,2021,1196,12.5
2332,2021,1452,12.5
2333,2021,1199,6.333333333333333
2334,2021,1455,11.0
2335,2021,1457,5.0
2336,2021,1458,4.5
2337,2021,1207,5.0
2338,2021,1210,8.0
2339,2021,1211,7.833333333333333
2340,2021,1213,2.0
2341,2021,1216,1.0
2342,2021,1222,9.8
2343,2021,1228,12.0
2344,2021,1233,2.0
2345,2021,1234,11.0
2346,2021,1242,10.0
2347,2021,1251,4.0
2348,2021,1260,7.333333333333333
2349,2021,1261,5.0
2350,2021,1268,4.5
2351,2021,1276,9.75
2352,2021,1277,11.0
2353,2022,1286,3.0
2354,2022,1293,12.5
2355,2022,1308,4.5
2356,2022,1313,1.0
2357,2022,1314,5.333333333333333
2358,2022,1323,6.666666666666667
2359,2022,1326,6.0
2360,2022,1344,8.666666666666666
2361,2022,1345,11.666666666666666
2362,2022,1350,4.5
2363,2022,1353,11.0
2364,2022,1355,4.0
2365,2022,1103,4.0
2366,2022,1104,11.0
2367,2022,1361,9.0
2368,2022,1362,7.0
2369,2022,1112,10.0
2370,2022,1371,9.0
2371,2022,1116,7.0
2372,2022,1120,12.5
2373,2022,1124,12.0
2374,2022,1129,9.0
2375,2022,1388,8.0
2376,2022,1389,5.0
2377,2022,1136,16.0
2378,2022,1394,16.0
2379,2022,1395,4.5
2380,2022,1397,12.5
2381,2022,1400,7.0
2382,2022,1403,9.0
2383,2022,1151,4.0
2384,2022,1411,8.5
2385,2022,1412,5.0
2386,2022,1159,3.0
2387,2022,1417,8.666666666666666
2388,2022,1161,11.0
2389,2022,1163,12.0
2390,2022,1166,4.5
2391,2022,1168,2.0
2392,2022,1425,10.0
2393,2022,1172,7.0
2394,2022,1174,2.0
2395,2022,1436,4.0
2396,2022,1181,7.4
2397,2022,1437,7.8
2398,2022,1439,6.0
2399,2022,1458,12.5
2400,2022,1460,8.5
2401,2022,1461,12.0
2402,2022,1463,3.0
2403,2022,1209,1.0
2404,2022,1211,9.666666666666666
2405,2022,1222,4.75
2406,2022,1228,9.0
2407,2022,1231,8.5
2408,2022,1234,12.0
2409,2022,1235,6.333333333333333
2410,2022,1240,2.0
2411,2022,1242,8.166666666666666
2412,2022,1246,15.0
2413,2022,1255,3.0
2414,2022,1260,7.0
2415,2022,1261,11.0
2416,2022,1266,8.0
2417,2022,1272,4.5
2418,2022,1274,5.25
2419,2022,1276,3.6666666666666665
2420,2022,1277,6.0
2421,2023,1280,11.0
2422,2023,1281,12.5
2423,2023,1286,3.0
2424,2023,1297,1.0
2425,2023,1301,6.0
2426,2023,1305,11.0
2427,2023,1321,6.0
2428,2023,1331,5.0
2429,2023,1336,4.5
2430,2023,1338,6.666666666666667
2431,2023,1343,5.0
2432,2023,1344,6.0
2433,2023,1345,16.0
2434,2023,1104,9.666666666666666
2435,2023,1361,7.5
2436,2023,1364,3.0
2437,2023,1112,15.0
2438,2023,1113,8.5
2439,2023,1369,16.0
2440,2023,1116,4.666666666666667
2441,2023,1120,4.5
2442,2023,1124,10.0
2443,2023,1129,7.0
2444,2023,1388,8.0
2445,2023,1394,8.5
2446,2023,1395,7.0
2447,2023,1397,9.0
2448,2023,1400,8.25
2449,2023,1401,10.0
2450,2023,1411,16.0
2451,2023,1158,5.0
2452,2023,1159,2.0
2453,2023,1417,8.333333333333334
2454,2023,1418,4.0
2455,2023,1163,6.5
2456,2023,1421,2.0
2457,2023,1166,8.5
2458,2023,1425,7.0
2459,2023,1429,7.0
2460,2023,1433,5.0
2461,2023,1179,5.0
2462,2023,1436,2.0
2463,2023,1181,8.0
2464,2023,1438,13.0
2465,2023,1192,8.666666666666666
2466,2023,1194,7.2
2467,2023,1452,8.0
2468,2023,1202,4.5
2469,2023,1462,9.0
2470,2023,1211,6.5
2471,2023,1213,3.0
2472,2023,1222,10.0
2473,2023,1224,1.0
2474,2023,1228,8.0
2475,2023,1231,9.0
2476,2023,1233,4.0
2477,2023,1234,9.0
2478,2023,1235,11.0
2479,2023,1242,12.0
2480,2023,1243,9.0
2481,2023,1244,3.0
2482,2023,1245,4.0
2483,2023,1246,7.0
2484,2023,1266,11.0
2485,2023,1268,5.0
2486,2023,1272,9.0
2487,2023,1274,4.6
2488,2023,1277,5.0
2489,2024,1280,9.0
2490,2024,1286,16.0
2491,2024,1287,3.0
2492,2024,1301,5.4
2493,2024,1304,9.0
2494,2024,1305,7.0
2495,2024,1307,6.0
2496,2024,1314,9.666666666666666
2497,2024,1321,4.5
2498,2024,1324,7.0
2499,2024,1332,4.5
2500,2024,1345,7.166666666666667
2501,2024,1355,2.0
2502,2024,1103,3.0
2503,2024,1104,6.6
2504,2024,1361,8.666666666666666
2505,2024,1359,4.0
2506,2024,1112,9.333333333333334
2507,2024,1376,11.0
2508,2024,1120,13.0
2509,2024,1124,10.0
2510,2024,1129,10.0
2511,2024,1388,12.0
2512,2024,1389,2.0
2513,2024,1391,1.0
2514,2024,1395,8.0
2515,2024,1140,11.0
2516,2024,1397,6.5
2517,2024,1400,6.0
2518,2024,1401,4.5
2519,2024,1403,11.0
2520,2024,1155,5.0
2521,2024,1412,5.0
2522,2024,1158,4.0
2523,2024,1159,3.0
2524,2024,1160,6.333333333333333
2525,2024,1161,8.5
2526,2024,1163,6.333333333333333
2527,2024,1166,9.0
2528,2024,1173,6.0
2529,2024,1429,5.0
2530,2024,1179,7.0
2531,2024,1436,4.0
2532,2024,1181,9.25
2533,2024,1182,4.5
2534,2024,1438,10.0
2535,2024,1443,2.0
2536,2024,1447,8.5
2537,2024,1450,6.0
2538,2024,1194,9.0
2539,2024,1196,10.0
2540,2024,1458,12.0
2541,2024,1463,4.5
2542,2024,1211,5.666666666666667
2543,2024,1212,8.5
2544,2024,1213,4.5
2545,2024,1222,9.666666666666666
2546,2024,1224,16.0
2547,2024,1228,7.0
2548,2024,1235,8.333333333333334
2549,2024,1241,4.5
2550,2024,1242,9.0
2551,2024,1246,14.0
2552,2024,1253,2.0
2553,2024,1255,1.0
2554,2024,1266,12.0
2555,2024,1270,5.0
2556,2024,1277,4.5
