,Season,TeamID,Opponent_WinPct
0,1985,1292,75.0
1,1985,1298,66.66666666666667
2,1985,1299,75.0
3,1985,1301,65.55555555555556
4,1985,1305,75.0
5,1985,1314,72.22222222222223
6,1985,1318,66.66666666666667
7,1985,1323,75.0
8,1985,1325,50.0
9,1985,1326,66.66666666666667
10,1985,1328,65.55555555555556
11,1985,1330,50.0
12,1985,1333,50.0
13,1985,1335,80.0
14,1985,1337,50.0
15,1985,1338,66.66666666666667
16,1985,1345,66.66666666666667
17,1985,1104,62.5
18,1985,1361,50.0
19,1985,1112,66.66666666666667
20,1985,1116,80.0
21,1985,1374,66.66666666666667
22,1985,1120,62.5
23,1985,1380,80.0
24,1985,1385,68.75
25,1985,1130,65.0
26,1985,1393,75.0
27,1985,1396,83.33333333333333
28,1985,1403,66.66666666666667
29,1985,1409,50.0
30,1985,1412,80.0
31,1985,1424,66.66666666666667
32,1985,1425,50.0
33,1985,1173,100.0
34,1985,1431,75.0
35,1985,1433,66.66666666666667
36,1985,1177,50.0
37,1985,1181,66.66666666666667
38,1985,1437,71.0
39,1985,1439,50.0
40,1985,1192,50.0
41,1985,1449,66.66666666666667
42,1985,1455,50.0
43,1985,1207,74.33333333333334
44,1985,1208,66.66666666666667
45,1985,1210,66.66666666666667
46,1985,1228,62.5
47,1985,1229,75.0
48,1985,1233,66.66666666666667
49,1985,1234,50.0
50,1985,1235,50.0
51,1985,1242,66.66666666666667
52,1985,1246,65.0
53,1985,1250,83.33333333333333
54,1985,1256,62.5
55,1985,1260,66.66666666666666
56,1985,1261,50.0
57,1985,1267,50.0
58,1985,1268,75.0
59,1985,1272,72.91666666666667
60,1985,1273,75.0
61,1985,1275,66.66666666666667
62,1985,1276,100.0
63,1985,1277,50.0
64,1986,1281,50.0
65,1986,1286,50.0
66,1986,1290,83.33333333333333
67,1986,1298,66.66666666666667
68,1986,1299,80.0
69,1986,1301,65.55555555555556
70,1986,1304,50.0
71,1986,1314,75.0
72,1986,1318,50.0
73,1986,1323,50.0
74,1986,1328,66.66666666666667
75,1986,1330,83.33333333333333
76,1986,1337,50.0
77,1986,1345,80.0
78,1986,1350,50.0
79,1986,1103,50.0
80,1986,1104,62.5
81,1986,1112,75.0
82,1986,1114,75.0
83,1986,1120,72.22222222222223
84,1986,1123,50.0
85,1986,1385,75.0
86,1986,1386,66.66666666666667
87,1986,1133,100.0
88,1986,1135,50.0
89,1986,1393,75.0
90,1986,1396,80.0
91,1986,1403,50.0
92,1986,1409,75.0
93,1986,1412,66.66666666666667
94,1986,1156,62.5
95,1986,1419,66.66666666666667
96,1986,1424,62.5
97,1986,1428,66.66666666666667
98,1986,1172,75.0
99,1986,1431,50.0
100,1986,1177,66.66666666666666
101,1986,1180,100.0
102,1986,1181,74.33333333333334
103,1986,1437,66.66666666666667
104,1986,1438,66.66666666666667
105,1986,1439,50.0
106,1986,1443,75.0
107,1986,1449,66.66666666666667
108,1986,1193,50.0
109,1986,1452,50.0
110,1986,1462,66.66666666666667
111,1986,1207,66.66666666666667
112,1986,1210,65.0
113,1986,1228,66.66666666666667
114,1986,1231,66.66666666666667
115,1986,1234,75.0
116,1986,1235,62.5
117,1986,1239,50.0
118,1986,1242,68.75
119,1986,1246,65.55555555555556
120,1986,1257,71.0
121,1986,1261,72.91666666666667
122,1986,1265,66.66666666666667
123,1986,1268,66.66666666666667
124,1986,1272,80.0
125,1986,1275,66.66666666666667
126,1986,1276,66.66666666666667
127,1986,1277,65.0
128,1987,1281,50.0
129,1987,1283,66.66666666666667
130,1987,1292,66.66666666666667
131,1987,1298,50.0
132,1987,1299,66.66666666666667
133,1987,1301,66.66666666666667
134,1987,1309,66.66666666666667
135,1987,1314,66.66666666666667
136,1987,1318,50.0
137,1987,1323,62.5
138,1987,1326,75.0
139,1987,1328,62.5
140,1987,1335,75.0
141,1987,1338,66.66666666666667
142,1987,1344,68.75
143,1987,1345,66.66666666666667
144,1987,1104,65.0
145,1987,1360,50.0
146,1987,1365,75.0
147,1987,1112,50.0
148,1987,1120,100.0
149,1987,1122,80.0
150,1987,1380,50.0
151,1987,1385,66.66666666666667
152,1987,1393,74.33333333333334
153,1987,1137,75.0
154,1987,1395,66.66666666666667
155,1987,1396,75.0
156,1987,1140,50.0
157,1987,1141,50.0
158,1987,1401,66.66666666666667
159,1987,1409,66.66666666666667
160,1987,1155,50.0
161,1987,1412,80.0
162,1987,1417,66.66666666666667
163,1987,1424,72.91666666666667
164,1987,1431,75.0
165,1987,1177,62.5
166,1987,1181,75.0
167,1987,1438,66.66666666666667
168,1987,1443,83.33333333333333
169,1987,1193,100.0
170,1987,1196,66.66666666666666
171,1987,1452,50.0
172,1987,1455,50.0
173,1987,1204,83.33333333333333
174,1987,1461,65.0
175,1987,1462,66.66666666666667
176,1987,1207,65.55555555555556
177,1987,1208,50.0
178,1987,1210,75.0
179,1987,1222,66.66666666666667
180,1987,1226,80.0
181,1987,1228,50.0
182,1987,1231,71.0
183,1987,1234,65.55555555555556
184,1987,1242,62.5
185,1987,1243,80.0
186,1987,1246,50.0
187,1987,1256,66.66666666666667
188,1987,1261,72.22222222222223
189,1987,1265,50.0
190,1987,1267,50.0
191,1987,1276,75.0
192,1988,1281,66.66666666666667
193,1988,1283,50.0
194,1988,1293,100.0
195,1988,1299,50.0
196,1988,1301,50.0
197,1988,1314,65.55555555555556
198,1988,1317,75.0
199,1988,1323,50.0
200,1988,1328,74.33333333333334
201,1988,1333,66.66666666666667
202,1988,1338,66.66666666666667
203,1988,1345,62.5
204,1988,1348,65.0
205,1988,1350,62.5
206,1988,1364,50.0
207,1988,1112,68.75
208,1988,1371,80.0
209,1988,1116,75.0
210,1988,1374,80.0
211,1988,1120,83.33333333333333
212,1988,1124,50.0
213,1988,1380,66.66666666666667
214,1988,1385,50.0
215,1988,1129,66.66666666666667
216,1988,1131,80.0
217,1988,1133,50.0
218,1988,1393,66.66666666666667
219,1988,1140,66.66666666666667
220,1988,1396,65.55555555555556
221,1988,1150,50.0
222,1988,1151,83.33333333333333
223,1988,1165,80.0
224,1988,1424,66.66666666666667
225,1988,1427,50.0
226,1988,1429,66.66666666666667
227,1988,1431,50.0
228,1988,1177,75.0
229,1988,1435,75.0
230,1988,1181,72.91666666666667
231,1988,1437,66.66666666666667
232,1988,1185,50.0
233,1988,1192,66.66666666666667
234,1988,1196,66.66666666666667
235,1988,1455,50.0
236,1988,1199,66.66666666666667
237,1988,1461,50.0
238,1988,1462,100.0
239,1988,1207,75.0
240,1988,1210,66.66666666666667
241,1988,1228,75.0
242,1988,1231,66.66666666666667
243,1988,1234,65.0
244,1988,1235,50.0
245,1988,1242,71.0
246,1988,1243,72.22222222222223
247,1988,1246,62.5
248,1988,1247,75.0
249,1988,1250,75.0
250,1988,1257,66.66666666666666
251,1988,1258,75.0
252,1988,1261,50.0
253,1988,1268,66.66666666666667
254,1988,1272,66.66666666666667
255,1988,1276,62.5
256,1989,1281,62.5
257,1989,1283,83.33333333333333
258,1989,1292,75.0
259,1989,1301,62.5
260,1989,1314,75.0
261,1989,1323,75.0
262,1989,1328,62.5
263,1989,1333,50.0
264,1989,1338,50.0
265,1989,1343,75.0
266,1989,1344,75.0
267,1989,1352,66.66666666666667
268,1989,1353,50.0
269,1989,1354,80.0
270,1989,1104,50.0
271,1989,1112,62.5
272,1989,1114,66.66666666666667
273,1989,1371,74.33333333333334
274,1989,1116,66.66666666666667
275,1989,1373,66.66666666666667
276,1989,1375,100.0
277,1989,1376,66.66666666666667
278,1989,1123,80.0
279,1989,1380,66.66666666666667
280,1989,1388,50.0
281,1989,1390,50.0
282,1989,1393,65.55555555555556
283,1989,1137,75.0
284,1989,1397,50.0
285,1989,1400,66.66666666666667
286,1989,1155,66.66666666666667
287,1989,1161,75.0
288,1989,1417,66.66666666666667
289,1989,1166,66.66666666666667
290,1989,1424,66.66666666666667
291,1989,1431,66.66666666666667
292,1989,1177,75.0
293,1989,1435,50.0
294,1989,1181,68.75
295,1989,1438,72.22222222222223
296,1989,1190,66.66666666666667
297,1989,1191,83.33333333333333
298,1989,1452,80.0
299,1989,1196,50.0
300,1989,1199,50.0
301,1989,1206,66.66666666666667
302,1989,1207,65.55555555555556
303,1989,1462,100.0
304,1989,1210,50.0
305,1989,1225,75.0
306,1989,1228,72.91666666666667
307,1989,1231,66.66666666666666
308,1989,1234,66.66666666666667
309,1989,1235,50.0
310,1989,1243,66.66666666666667
311,1989,1247,50.0
312,1989,1256,66.66666666666667
313,1989,1257,65.0
314,1989,1258,50.0
315,1989,1261,50.0
316,1989,1270,80.0
317,1989,1272,50.0
318,1989,1276,71.0
319,1989,1278,65.0
320,1990,1281,50.0
321,1990,1283,66.66666666666667
322,1990,1293,66.66666666666667
323,1990,1308,75.0
324,1990,1314,65.0
325,1990,1320,75.0
326,1990,1323,50.0
327,1990,1326,100.0
328,1990,1328,66.66666666666667
329,1990,1333,66.66666666666667
330,1990,1343,80.0
331,1990,1344,50.0
332,1990,1345,75.0
333,1990,1350,83.33333333333333
334,1990,1352,50.0
335,1990,1104,62.5
336,1990,1364,66.66666666666667
337,1990,1112,66.66666666666667
338,1990,1114,100.0
339,1990,1116,68.75
340,1990,1378,50.0
341,1990,1123,75.0
342,1990,1379,50.0
343,1990,1385,83.33333333333333
344,1990,1131,75.0
345,1990,1393,62.5
346,1990,1140,66.66666666666667
347,1990,1396,50.0
348,1990,1143,75.0
349,1990,1400,65.55555555555556
350,1990,1406,50.0
351,1990,1155,62.5
352,1990,1411,50.0
353,1990,1412,66.66666666666667
354,1990,1417,66.66666666666666
355,1990,1161,66.66666666666667
356,1990,1163,66.66666666666667
357,1990,1419,50.0
358,1990,1164,66.66666666666667
359,1990,1424,71.0
360,1990,1173,80.0
361,1990,1431,75.0
362,1990,1181,74.33333333333334
363,1990,1438,66.66666666666667
364,1990,1437,50.0
365,1990,1190,80.0
366,1990,1462,62.5
367,1990,1207,66.66666666666667
368,1990,1208,75.0
369,1990,1210,72.91666666666667
370,1990,1222,50.0
371,1990,1225,50.0
372,1990,1228,50.0
373,1990,1229,50.0
374,1990,1231,50.0
375,1990,1242,66.66666666666667
376,1990,1243,66.66666666666667
377,1990,1247,66.66666666666667
378,1990,1257,66.66666666666667
379,1990,1258,72.22222222222223
380,1990,1261,80.0
381,1990,1276,75.0
382,1990,1277,65.0
383,1990,1278,65.55555555555556
384,1991,1280,66.66666666666667
385,1991,1285,80.0
386,1991,1293,66.66666666666667
387,1991,1296,75.0
388,1991,1301,66.66666666666667
389,1991,1304,50.0
390,1991,1307,66.66666666666667
391,1991,1308,50.0
392,1991,1309,83.33333333333333
393,1991,1314,68.75
394,1991,1318,80.0
395,1991,1326,62.5
396,1991,1329,62.5
397,1991,1336,66.66666666666667
398,1991,1337,75.0
399,1991,1338,83.33333333333333
400,1991,1343,50.0
401,1991,1345,75.0
402,1991,1350,75.0
403,1991,1353,50.0
404,1991,1104,62.5
405,1991,1112,62.5
406,1991,1113,75.0
407,1991,1371,65.55555555555556
408,1991,1116,66.66666666666667
409,1991,1375,66.66666666666667
410,1991,1379,50.0
411,1991,1384,66.66666666666667
412,1991,1385,72.22222222222223
413,1991,1389,50.0
414,1991,1393,50.0
415,1991,1140,66.66666666666667
416,1991,1396,65.55555555555556
417,1991,1400,75.0
418,1991,1406,66.66666666666667
419,1991,1157,66.66666666666667
420,1991,1417,50.0
421,1991,1163,75.0
422,1991,1419,100.0
423,1991,1166,75.0
424,1991,1424,72.91666666666667
425,1991,1425,50.0
426,1991,1428,65.0
427,1991,1177,50.0
428,1991,1435,50.0
429,1991,1181,71.0
430,1991,1437,80.0
431,1991,1438,50.0
432,1991,1185,65.0
433,1991,1190,50.0
434,1991,1448,66.66666666666667
435,1991,1453,50.0
436,1991,1199,66.66666666666667
437,1991,1462,66.66666666666667
438,1991,1207,80.0
439,1991,1208,50.0
440,1991,1209,75.0
441,1991,1210,66.66666666666667
442,1991,1231,66.66666666666666
443,1991,1234,100.0
444,1991,1242,74.33333333333334
445,1991,1256,50.0
446,1991,1261,66.66666666666667
447,1991,1277,66.66666666666667
448,1992,1281,66.66666666666667
449,1992,1283,50.0
450,1992,1285,66.66666666666667
451,1992,1290,75.0
452,1992,1293,50.0
453,1992,1304,50.0
454,1992,1308,62.5
455,1992,1314,62.5
456,1992,1326,66.66666666666667
457,1992,1328,50.0
458,1992,1329,66.66666666666666
459,1992,1330,75.0
460,1992,1337,75.0
461,1992,1343,50.0
462,1992,1352,75.0
463,1992,1104,66.66666666666667
464,1992,1112,50.0
465,1992,1371,75.0
466,1992,1116,75.0
467,1992,1378,50.0
468,1992,1385,50.0
469,1992,1390,50.0
470,1992,1393,66.66666666666667
471,1992,1140,50.0
472,1992,1396,83.33333333333333
473,1992,1400,50.0
474,1992,1144,100.0
475,1992,1150,50.0
476,1992,1408,66.66666666666667
477,1992,1153,68.75
478,1992,1417,65.55555555555556
479,1992,1418,66.66666666666667
480,1992,1163,75.0
481,1992,1419,50.0
482,1992,1425,66.66666666666667
483,1992,1174,80.0
484,1992,1431,65.0
485,1992,1177,66.66666666666667
486,1992,1181,71.0
487,1992,1183,80.0
488,1992,1190,83.33333333333333
489,1992,1191,66.66666666666667
490,1992,1448,50.0
491,1992,1452,50.0
492,1992,1199,65.0
493,1992,1200,66.66666666666667
494,1992,1204,66.66666666666667
495,1992,1207,66.66666666666667
496,1992,1210,62.5
497,1992,1222,66.66666666666667
498,1992,1224,50.0
499,1992,1231,72.91666666666667
500,1992,1234,100.0
501,1992,1235,75.0
502,1992,1242,66.66666666666667
503,1992,1246,72.22222222222223
504,1992,1247,66.66666666666667
505,1992,1257,75.0
506,1992,1261,80.0
507,1992,1269,62.5
508,1992,1272,65.55555555555556
509,1992,1275,66.66666666666667
510,1992,1276,74.33333333333334
511,1992,1277,80.0
512,1993,1281,75.0
513,1993,1304,50.0
514,1993,1307,66.66666666666667
515,1993,1308,75.0
516,1993,1309,50.0
517,1993,1314,71.0
518,1993,1329,66.66666666666667
519,1993,1335,50.0
520,1993,1338,50.0
521,1993,1345,50.0
522,1993,1348,100.0
523,1993,1351,80.0
524,1993,1356,50.0
525,1993,1365,75.0
526,1993,1112,50.0
527,1993,1371,66.66666666666667
528,1993,1116,75.0
529,1993,1374,50.0
530,1993,1123,80.0
531,1993,1380,66.66666666666667
532,1993,1385,66.66666666666667
533,1993,1129,66.66666666666667
534,1993,1140,80.0
535,1993,1396,66.66666666666667
536,1993,1398,50.0
537,1993,1143,65.0
538,1993,1403,50.0
539,1993,1151,66.66666666666667
540,1993,1408,75.0
541,1993,1153,72.22222222222223
542,1993,1157,83.33333333333333
543,1993,1417,83.33333333333333
544,1993,1419,50.0
545,1993,1164,75.0
546,1993,1428,80.0
547,1993,1174,66.66666666666667
548,1993,1435,62.5
549,1993,1181,66.66666666666667
550,1993,1438,62.5
551,1993,1443,62.5
552,1993,1187,100.0
553,1993,1191,75.0
554,1993,1448,65.0
555,1993,1199,65.55555555555556
556,1993,1203,66.66666666666666
557,1993,1460,75.0
558,1993,1462,75.0
559,1993,1210,50.0
560,1993,1221,66.66666666666667
561,1993,1228,66.66666666666667
562,1993,1231,65.55555555555556
563,1993,1234,66.66666666666667
564,1993,1235,50.0
565,1993,1242,72.91666666666667
566,1993,1243,50.0
567,1993,1246,68.75
568,1993,1253,50.0
569,1993,1257,62.5
570,1993,1261,66.66666666666667
571,1993,1264,66.66666666666667
572,1993,1266,50.0
573,1993,1269,66.66666666666667
574,1993,1272,66.66666666666667
575,1993,1276,74.33333333333334
576,1994,1281,65.55555555555556
577,1994,1298,75.0
578,1994,1299,100.0
579,1994,1304,50.0
580,1994,1307,50.0
581,1994,1308,50.0
582,1994,1314,75.0
583,1994,1325,66.66666666666667
584,1994,1329,66.66666666666667
585,1994,1335,80.0
586,1994,1337,75.0
587,1994,1344,50.0
588,1994,1345,66.66666666666667
589,1994,1351,66.66666666666667
590,1994,1356,50.0
591,1994,1104,75.0
592,1994,1112,72.91666666666667
593,1994,1371,50.0
594,1994,1116,71.0
595,1994,1129,66.66666666666667
596,1994,1130,65.55555555555556
597,1994,1387,66.66666666666667
598,1994,1393,62.5
599,1994,1396,66.66666666666667
600,1994,1398,50.0
601,1994,1143,50.0
602,1994,1400,75.0
603,1994,1402,50.0
604,1994,1151,66.66666666666667
605,1994,1409,75.0
606,1994,1153,50.0
607,1994,1411,83.33333333333333
608,1994,1412,50.0
609,1994,1158,50.0
610,1994,1416,75.0
611,1994,1417,66.66666666666667
612,1994,1418,66.66666666666667
613,1994,1163,65.0
614,1994,1180,50.0
615,1994,1181,74.33333333333334
616,1994,1438,80.0
617,1994,1443,50.0
618,1994,1448,66.66666666666667
619,1994,1450,75.0
620,1994,1196,68.75
621,1994,1453,66.66666666666667
622,1994,1458,75.0
623,1994,1203,66.66666666666667
624,1994,1207,100.0
625,1994,1218,66.66666666666667
626,1994,1228,50.0
627,1994,1231,62.5
628,1994,1241,80.0
629,1994,1242,62.5
630,1994,1246,66.66666666666667
631,1994,1251,50.0
632,1994,1257,65.0
633,1994,1259,80.0
634,1994,1266,66.66666666666666
635,1994,1268,62.5
636,1994,1269,66.66666666666667
637,1994,1276,72.22222222222223
638,1994,1277,83.33333333333333
639,1994,1278,66.66666666666667
640,1995,1280,75.0
641,1995,1281,100.0
642,1995,1291,75.0
643,1995,1293,80.0
644,1995,1299,66.66666666666667
645,1995,1311,75.0
646,1995,1314,68.75
647,1995,1328,50.0
648,1995,1329,72.91666666666667
649,1995,1330,66.66666666666667
650,1995,1332,50.0
651,1995,1335,50.0
652,1995,1345,66.66666666666667
653,1995,1356,50.0
654,1995,1104,80.0
655,1995,1365,66.66666666666667
656,1995,1112,50.0
657,1995,1113,62.5
658,1995,1116,74.33333333333334
659,1995,1123,66.66666666666667
660,1995,1387,66.66666666666667
661,1995,1389,75.0
662,1995,1390,75.0
663,1995,1393,83.33333333333333
664,1995,1396,50.0
665,1995,1140,50.0
666,1995,1400,66.66666666666667
667,1995,1150,50.0
668,1995,1151,75.0
669,1995,1408,75.0
670,1995,1153,75.0
671,1995,1409,62.5
672,1995,1411,83.33333333333333
673,1995,1159,66.66666666666667
674,1995,1417,71.0
675,1995,1163,72.22222222222223
676,1995,1428,66.66666666666667
677,1995,1180,80.0
678,1995,1437,50.0
679,1995,1438,66.66666666666667
680,1995,1443,66.66666666666667
681,1995,1448,65.0
682,1995,1451,66.66666666666667
683,1995,1196,50.0
684,1995,1453,50.0
685,1995,1198,100.0
686,1995,1462,66.66666666666667
687,1995,1207,65.0
688,1995,1211,66.66666666666667
689,1995,1228,66.66666666666667
690,1995,1231,50.0
691,1995,1235,80.0
692,1995,1242,62.5
693,1995,1246,65.55555555555556
694,1995,1253,50.0
695,1995,1257,66.66666666666667
696,1995,1264,66.66666666666667
697,1995,1268,62.5
698,1995,1269,65.55555555555556
699,1995,1272,66.66666666666666
700,1995,1275,75.0
701,1995,1276,50.0
702,1995,1277,50.0
703,1995,1278,50.0
704,1996,1280,68.75
705,1996,1284,50.0
706,1996,1286,83.33333333333333
707,1996,1290,75.0
708,1996,1296,66.66666666666667
709,1996,1307,75.0
710,1996,1309,50.0
711,1996,1314,66.66666666666667
712,1996,1328,50.0
713,1996,1336,66.66666666666667
714,1996,1339,50.0
715,1996,1343,80.0
716,1996,1345,66.66666666666667
717,1996,1354,75.0
718,1996,1363,100.0
719,1996,1365,75.0
720,1996,1112,62.5
721,1996,1116,65.0
722,1996,1122,66.66666666666667
723,1996,1130,66.66666666666667
724,1996,1133,50.0
725,1996,1390,80.0
726,1996,1393,74.33333333333334
727,1996,1396,75.0
728,1996,1143,50.0
729,1996,1400,75.0
730,1996,1145,66.66666666666667
731,1996,1403,62.5
732,1996,1153,65.55555555555556
733,1996,1409,66.66666666666667
734,1996,1155,66.66666666666667
735,1996,1159,66.66666666666667
736,1996,1416,80.0
737,1996,1417,50.0
738,1996,1163,65.0
739,1996,1419,75.0
740,1996,1422,75.0
741,1996,1428,75.0
742,1996,1433,80.0
743,1996,1434,66.66666666666667
744,1996,1180,83.33333333333333
745,1996,1437,66.66666666666667
746,1996,1181,50.0
747,1996,1439,100.0
748,1996,1185,66.66666666666667
749,1996,1441,50.0
750,1996,1448,72.22222222222223
751,1996,1453,50.0
752,1996,1203,50.0
753,1996,1207,65.55555555555556
754,1996,1208,66.66666666666666
755,1996,1210,62.5
756,1996,1231,50.0
757,1996,1234,66.66666666666667
758,1996,1235,66.66666666666667
759,1996,1242,66.66666666666667
760,1996,1243,50.0
761,1996,1246,71.0
762,1996,1257,62.5
763,1996,1266,66.66666666666667
764,1996,1268,50.0
765,1996,1269,72.91666666666667
766,1996,1272,50.0
767,1996,1276,50.0
768,1997,1285,83.33333333333333
769,1997,1293,50.0
770,1997,1298,75.0
771,1997,1307,75.0
772,1997,1314,72.91666666666667
773,1997,1328,66.66666666666667
774,1997,1330,50.0
775,1997,1334,66.66666666666667
776,1997,1343,66.66666666666667
777,1997,1344,72.22222222222223
778,1997,1345,66.66666666666667
779,1997,1348,50.0
780,1997,1112,71.0
781,1997,1375,100.0
782,1997,1376,50.0
783,1997,1130,66.66666666666667
784,1997,1386,66.66666666666666
785,1997,1131,50.0
786,1997,1388,50.0
787,1997,1390,62.5
788,1997,1139,50.0
789,1997,1396,80.0
790,1997,1143,65.0
791,1997,1400,62.5
792,1997,1402,80.0
793,1997,1149,75.0
794,1997,1150,75.0
795,1997,1151,62.5
796,1997,1153,66.66666666666667
797,1997,1409,66.66666666666667
798,1997,1155,65.0
799,1997,1158,100.0
800,1997,1160,80.0
801,1997,1417,65.55555555555556
802,1997,1164,66.66666666666667
803,1997,1425,50.0
804,1997,1428,66.66666666666667
805,1997,1434,50.0
806,1997,1435,50.0
807,1997,1437,66.66666666666667
808,1997,1181,75.0
809,1997,1438,50.0
810,1997,1448,66.66666666666667
811,1997,1193,80.0
812,1997,1458,66.66666666666667
813,1997,1462,75.0
814,1997,1207,50.0
815,1997,1208,66.66666666666667
816,1997,1228,66.66666666666667
817,1997,1229,66.66666666666667
818,1997,1231,50.0
819,1997,1234,83.33333333333333
820,1997,1235,62.5
821,1997,1238,66.66666666666667
822,1997,1242,75.0
823,1997,1246,74.33333333333334
824,1997,1254,50.0
825,1997,1257,65.55555555555556
826,1997,1266,75.0
827,1997,1268,50.0
828,1997,1269,75.0
829,1997,1275,66.66666666666667
830,1997,1278,68.75
831,1997,1279,50.0
832,1998,1293,75.0
833,1998,1298,80.0
834,1998,1304,50.0
835,1998,1307,66.66666666666667
836,1998,1311,75.0
837,1998,1314,68.75
838,1998,1319,50.0
839,1998,1328,50.0
840,1998,1329,75.0
841,1998,1341,50.0
842,1998,1343,66.66666666666667
843,1998,1345,65.0
844,1998,1347,75.0
845,1998,1348,65.55555555555556
846,1998,1350,66.66666666666667
847,1998,1354,100.0
848,1998,1362,83.33333333333333
849,1998,1112,66.66666666666667
850,1998,1116,83.33333333333333
851,1998,1375,50.0
852,1998,1376,50.0
853,1998,1385,50.0
854,1998,1387,100.0
855,1998,1390,72.91666666666667
856,1998,1393,62.5
857,1998,1395,50.0
858,1998,1396,66.66666666666667
859,1998,1397,50.0
860,1998,1139,50.0
861,1998,1150,80.0
862,1998,1153,66.66666666666667
863,1998,1155,50.0
864,1998,1158,80.0
865,1998,1417,75.0
866,1998,1163,65.55555555555556
867,1998,1424,50.0
868,1998,1428,74.33333333333334
869,1998,1172,50.0
870,1998,1429,66.66666666666667
871,1998,1174,66.66666666666667
872,1998,1178,66.66666666666667
873,1998,1434,62.5
874,1998,1181,72.22222222222223
875,1998,1185,66.66666666666667
876,1998,1444,80.0
877,1998,1192,75.0
878,1998,1449,62.5
879,1998,1452,66.66666666666666
880,1998,1199,66.66666666666667
881,1998,1203,50.0
882,1998,1462,66.66666666666667
883,1998,1227,50.0
884,1998,1228,66.66666666666667
885,1998,1229,75.0
886,1998,1231,75.0
887,1998,1233,66.66666666666667
888,1998,1242,75.0
889,1998,1246,71.0
890,1998,1268,62.5
891,1998,1269,50.0
892,1998,1274,66.66666666666667
893,1998,1276,66.66666666666667
894,1998,1277,65.0
895,1998,1279,66.66666666666667
896,1999,1281,50.0
897,1999,1283,66.66666666666666
898,1999,1291,80.0
899,1999,1293,80.0
900,1999,1307,100.0
901,1999,1308,75.0
902,1999,1314,50.0
903,1999,1326,72.91666666666667
904,1999,1328,65.0
905,1999,1329,66.66666666666667
906,1999,1335,66.66666666666667
907,1999,1345,62.5
908,1999,1348,50.0
909,1999,1359,75.0
910,1999,1108,50.0
911,1999,1112,66.66666666666667
912,1999,1116,66.66666666666667
913,1999,1373,50.0
914,1999,1117,50.0
915,1999,1120,65.0
916,1999,1385,65.55555555555556
917,1999,1390,75.0
918,1999,1393,50.0
919,1999,1396,66.66666666666667
920,1999,1397,66.66666666666667
921,1999,1400,66.66666666666667
922,1999,1150,66.66666666666667
923,1999,1153,75.0
924,1999,1409,83.33333333333333
925,1999,1412,66.66666666666667
926,1999,1158,50.0
927,1999,1417,50.0
928,1999,1163,71.0
929,1999,1166,66.66666666666667
930,1999,1427,100.0
931,1999,1428,66.66666666666667
932,1999,1174,50.0
933,1999,1178,80.0
934,1999,1434,66.66666666666667
935,1999,1181,74.33333333333334
936,1999,1437,50.0
937,1999,1191,50.0
938,1999,1449,66.66666666666667
939,1999,1451,66.66666666666667
940,1999,1196,62.5
941,1999,1197,83.33333333333333
942,1999,1457,66.66666666666667
943,1999,1458,66.66666666666667
944,1999,1203,50.0
945,1999,1206,50.0
946,1999,1211,72.22222222222223
947,1999,1231,75.0
948,1999,1234,75.0
949,1999,1242,75.0
950,1999,1245,75.0
951,1999,1246,65.55555555555556
952,1999,1248,50.0
953,1999,1257,50.0
954,1999,1268,62.5
955,1999,1274,66.66666666666667
956,1999,1275,62.5
957,1999,1277,68.75
958,1999,1278,75.0
959,1999,1279,80.0
960,2000,1281,80.0
961,2000,1314,68.75
962,2000,1319,50.0
963,2000,1326,66.66666666666667
964,2000,1328,75.0
965,2000,1329,66.66666666666667
966,2000,1332,66.66666666666667
967,2000,1335,50.0
968,2000,1337,75.0
969,2000,1345,65.55555555555556
970,2000,1354,50.0
971,2000,1359,66.66666666666667
972,2000,1111,50.0
973,2000,1112,80.0
974,2000,1369,66.66666666666667
975,2000,1371,62.5
976,2000,1116,66.66666666666667
977,2000,1120,75.0
978,2000,1123,66.66666666666667
979,2000,1382,50.0
980,2000,1385,66.66666666666667
981,2000,1387,50.0
982,2000,1390,80.0
983,2000,1393,75.0
984,2000,1139,83.33333333333333
985,2000,1396,66.66666666666667
986,2000,1397,65.0
987,2000,1400,66.66666666666667
988,2000,1148,75.0
989,2000,1153,75.0
990,2000,1409,65.55555555555556
991,2000,1417,62.5
992,2000,1418,66.66666666666667
993,2000,1163,66.66666666666667
994,2000,1166,50.0
995,2000,1423,50.0
996,2000,1424,75.0
997,2000,1428,100.0
998,2000,1173,75.0
999,2000,1429,50.0
1000,2000,1177,50.0
1001,2000,1434,100.0
1002,2000,1181,66.66666666666666
1003,2000,1196,74.33333333333334
1004,2000,1457,50.0
1005,2000,1458,72.91666666666667
1006,2000,1201,80.0
1007,2000,1211,62.5
1008,2000,1220,75.0
1009,2000,1228,83.33333333333333
1010,2000,1231,50.0
1011,2000,1232,50.0
1012,2000,1233,50.0
1013,2000,1235,72.22222222222223
1014,2000,1238,50.0
1015,2000,1242,66.66666666666667
1016,2000,1246,66.66666666666667
1017,2000,1248,50.0
1018,2000,1249,66.66666666666667
1019,2000,1257,66.66666666666667
1020,2000,1261,65.0
1021,2000,1268,66.66666666666667
1022,2000,1274,62.5
1023,2000,1277,71.0
1024,2001,1281,100.0
1025,2001,1284,100.0
1026,2001,1314,66.66666666666667
1027,2001,1322,75.0
1028,2001,1323,66.66666666666667
1029,2001,1326,50.0
1030,2001,1328,50.0
1031,2001,1329,75.0
1032,2001,1336,62.5
1033,2001,1343,50.0
1034,2001,1344,66.66666666666667
1035,2001,1106,80.0
1036,2001,1112,74.33333333333334
1037,2001,1116,66.66666666666667
1038,2001,1381,50.0
1039,2001,1130,75.0
1040,2001,1386,75.0
1041,2001,1390,65.55555555555556
1042,2001,1393,66.66666666666667
1043,2001,1139,83.33333333333333
1044,2001,1396,65.55555555555556
1045,2001,1140,66.66666666666667
1046,2001,1397,50.0
1047,2001,1143,50.0
1048,2001,1400,75.0
1049,2001,1150,75.0
1050,2001,1153,62.5
1051,2001,1417,75.0
1052,2001,1166,50.0
1053,2001,1422,75.0
1054,2001,1425,72.22222222222223
1055,2001,1169,66.66666666666667
1056,2001,1429,66.66666666666667
1057,2001,1181,71.0
1058,2001,1438,66.66666666666667
1059,2001,1183,83.33333333333333
1060,2001,1443,50.0
1061,2001,1448,50.0
1062,2001,1196,75.0
1063,2001,1201,80.0
1064,2001,1457,50.0
1065,2001,1458,50.0
1066,2001,1206,80.0
1067,2001,1207,65.0
1068,2001,1462,50.0
1069,2001,1209,80.0
1070,2001,1208,50.0
1071,2001,1211,65.0
1072,2001,1210,50.0
1073,2001,1214,66.66666666666667
1074,2001,1218,50.0
1075,2001,1220,66.66666666666667
1076,2001,1221,66.66666666666667
1077,2001,1228,62.5
1078,2001,1231,50.0
1079,2001,1232,66.66666666666667
1080,2001,1233,66.66666666666667
1081,2001,1234,66.66666666666667
1082,2001,1235,50.0
1083,2001,1242,62.5
1084,2001,1245,66.66666666666667
1085,2001,1246,62.5
1086,2001,1268,72.91666666666667
1087,2001,1277,68.75
1088,2001,1279,66.66666666666666
1089,2002,1280,66.66666666666667
1090,2002,1281,65.55555555555556
1091,2002,1285,75.0
1092,2002,1293,50.0
1093,2002,1301,75.0
1094,2002,1323,66.66666666666667
1095,2002,1326,75.0
1096,2002,1328,68.75
1097,2002,1329,75.0
1098,2002,1332,65.55555555555556
1099,2002,1335,50.0
1100,2002,1337,50.0
1101,2002,1338,62.5
1102,2002,1356,62.5
1103,2002,1104,75.0
1104,2002,1361,66.66666666666667
1105,2002,1108,50.0
1106,2002,1364,66.66666666666667
1107,2002,1112,65.0
1108,2002,1373,100.0
1109,2002,1385,50.0
1110,2002,1130,66.66666666666667
1111,2002,1131,50.0
1112,2002,1390,80.0
1113,2002,1143,66.66666666666667
1114,2002,1400,62.5
1115,2002,1403,66.66666666666667
1116,2002,1148,66.66666666666667
1117,2002,1150,50.0
1118,2002,1409,66.66666666666667
1119,2002,1153,66.66666666666667
1120,2002,1417,62.5
1121,2002,1163,72.22222222222223
1122,2002,1166,66.66666666666667
1123,2002,1423,83.33333333333333
1124,2002,1425,50.0
1125,2002,1428,83.33333333333333
1126,2002,1172,50.0
1127,2002,1434,66.66666666666667
1128,2002,1181,66.66666666666666
1129,2002,1443,50.0
1130,2002,1448,75.0
1131,2002,1194,50.0
1132,2002,1196,50.0
1133,2002,1457,66.66666666666667
1134,2002,1458,100.0
1135,2002,1461,66.66666666666667
1136,2002,1462,80.0
1137,2002,1208,66.66666666666667
1138,2002,1211,50.0
1139,2002,1214,75.0
1140,2002,1218,50.0
1141,2002,1221,80.0
1142,2002,1227,80.0
1143,2002,1228,65.0
1144,2002,1231,74.33333333333334
1145,2002,1242,72.91666666666667
1146,2002,1245,66.66666666666667
1147,2002,1246,75.0
1148,2002,1266,50.0
1149,2002,1268,67.5
1150,2002,1270,50.0
1151,2002,1274,75.0
1152,2002,1277,50.0
1153,2002,1279,66.66666666666667
1154,2003,1280,66.66666666666667
1155,2003,1281,80.0
1156,2003,1301,50.0
1157,2003,1323,62.5
1158,2003,1328,72.22222222222223
1159,2003,1329,100.0
1160,2003,1332,50.0
1161,2003,1335,50.0
1162,2003,1338,65.0
1163,2003,1345,80.0
1164,2003,1354,75.0
1165,2003,1356,50.0
1166,2003,1358,50.0
1167,2003,1360,50.0
1168,2003,1104,50.0
1169,2003,1112,66.66666666666667
1170,2003,1113,83.33333333333333
1171,2003,1120,75.0
1172,2003,1122,50.0
1173,2003,1386,66.66666666666667
1174,2003,1390,66.66666666666667
1175,2003,1393,71.0
1176,2003,1139,62.5
1177,2003,1140,66.66666666666667
1178,2003,1141,66.66666666666667
1179,2003,1143,75.0
1180,2003,1400,68.33333333333334
1181,2003,1407,50.0
1182,2003,1409,66.66666666666667
1183,2003,1153,50.0
1184,2003,1411,50.0
1185,2003,1160,75.0
1186,2003,1161,66.66666666666667
1187,2003,1163,65.0
1188,2003,1421,80.0
1189,2003,1166,50.0
1190,2003,1423,66.66666666666667
1191,2003,1428,75.0
1192,2003,1429,83.33333333333333
1193,2003,1173,50.0
1194,2003,1436,75.0
1195,2003,1181,66.66666666666666
1196,2003,1443,50.0
1197,2003,1190,50.0
1198,2003,1447,66.66666666666667
1199,2003,1448,66.66666666666667
1200,2003,1451,66.66666666666667
1201,2003,1196,75.0
1202,2003,1454,66.66666666666667
1203,2003,1458,62.5
1204,2003,1462,66.66666666666667
1205,2003,1211,75.0
1206,2003,1221,80.0
1207,2003,1228,66.66666666666667
1208,2003,1231,66.66666666666667
1209,2003,1237,75.0
1210,2003,1242,74.33333333333334
1211,2003,1246,65.55555555555556
1212,2003,1257,66.66666666666667
1213,2003,1261,50.0
1214,2003,1264,100.0
1215,2003,1266,68.75
1216,2003,1268,62.5
1217,2003,1272,50.0
1218,2003,1277,65.55555555555556
1219,2004,1280,75.0
1220,2004,1284,50.0
1221,2004,1293,66.66666666666667
1222,2004,1301,66.66666666666667
1223,2004,1305,66.66666666666666
1224,2004,1314,66.66666666666667
1225,2004,1320,83.33333333333333
1226,2004,1329,68.75
1227,2004,1334,75.0
1228,2004,1338,65.0
1229,2004,1343,66.66666666666667
1230,2004,1344,50.0
1231,2004,1350,50.0
1232,2004,1356,75.0
1233,2004,1102,50.0
1234,2004,1104,72.22222222222223
1235,2004,1106,80.0
1236,2004,1112,50.0
1237,2004,1371,80.0
1238,2004,1376,50.0
1239,2004,1386,65.55555555555556
1240,2004,1130,83.33333333333333
1241,2004,1390,75.0
1242,2004,1393,62.5
1243,2004,1140,66.66666666666667
1244,2004,1400,62.5
1245,2004,1403,75.0
1246,2004,1150,50.0
1247,2004,1153,66.66666666666667
1248,2004,1412,62.5
1249,2004,1416,66.66666666666667
1250,2004,1418,50.0
1251,2004,1163,71.0
1252,2004,1427,50.0
1253,2004,1428,50.0
1254,2004,1173,50.0
1255,2004,1431,50.0
1256,2004,1177,100.0
1257,2004,1433,66.66666666666667
1258,2004,1435,75.0
1259,2004,1434,50.0
1260,2004,1181,72.91666666666667
1261,2004,1436,100.0
1262,2004,1186,80.0
1263,2004,1444,66.66666666666667
1264,2004,1190,50.0
1265,2004,1448,62.5
1266,2004,1449,66.66666666666667
1267,2004,1196,50.0
1268,2004,1197,50.0
1269,2004,1458,66.66666666666667
1270,2004,1462,65.55555555555556
1271,2004,1210,74.33333333333334
1272,2004,1211,66.66666666666667
1273,2004,1227,75.0
1274,2004,1228,65.0
1275,2004,1242,66.66666666666667
1276,2004,1246,58.333333333333336
1277,2004,1250,50.0
1278,2004,1251,75.0
1279,2004,1257,75.0
1280,2004,1264,66.66666666666667
1281,2004,1268,66.66666666666667
1282,2004,1272,80.0
1283,2004,1277,66.66666666666667
1284,2005,1280,66.66666666666667
1285,2005,1285,66.66666666666667
1286,2005,1301,62.5
1287,2005,1305,83.33333333333333
1288,2005,1307,66.66666666666667
1289,2005,1310,50.0
1290,2005,1314,67.5
1291,2005,1320,75.0
1292,2005,1324,100.0
1293,2005,1325,50.0
1294,2005,1328,66.66666666666667
1295,2005,1329,62.5
1296,2005,1330,80.0
1297,2005,1334,66.66666666666667
1298,2005,1335,50.0
1299,2005,1338,50.0
1300,2005,1356,66.66666666666667
1301,2005,1104,66.66666666666667
1302,2005,1105,50.0
1303,2005,1112,66.66666666666667
1304,2005,1368,66.66666666666667
1305,2005,1130,66.66666666666667
1306,2005,1388,50.0
1307,2005,1390,50.0
1308,2005,1137,75.0
1309,2005,1393,50.0
1310,2005,1400,50.0
1311,2005,1403,62.5
1312,2005,1150,66.66666666666667
1313,2005,1151,50.0
1314,2005,1153,75.0
1315,2005,1412,75.0
1316,2005,1416,50.0
1317,2005,1417,66.66666666666667
1318,2005,1418,80.0
1319,2005,1163,66.66666666666667
1320,2005,1166,75.0
1321,2005,1428,62.5
1322,2005,1429,75.0
1323,2005,1431,66.66666666666667
1324,2005,1175,66.66666666666667
1325,2005,1436,80.0
1326,2005,1181,65.0
1327,2005,1437,75.0
1328,2005,1184,75.0
1329,2005,1448,75.0
1330,2005,1449,65.0
1331,2005,1192,83.33333333333333
1332,2005,1452,65.55555555555556
1333,2005,1196,66.66666666666667
1334,2005,1454,66.66666666666666
1335,2005,1457,50.0
1336,2005,1458,72.22222222222223
1337,2005,1203,50.0
1338,2005,1210,80.0
1339,2005,1211,66.66666666666667
1340,2005,1228,74.33333333333334
1341,2005,1234,50.0
1342,2005,1235,100.0
1343,2005,1242,50.0
1344,2005,1246,65.55555555555556
1345,2005,1257,68.75
1346,2005,1261,50.0
1347,2005,1277,72.91666666666667
1348,2005,1278,50.0
1349,2006,1284,75.0
1350,2006,1285,66.66666666666667
1351,2006,1293,50.0
1352,2006,1301,75.0
1353,2006,1305,50.0
1354,2006,1314,80.0
1355,2006,1320,66.66666666666667
1356,2006,1322,66.66666666666667
1357,2006,1326,66.66666666666667
1358,2006,1328,50.0
1359,2006,1331,75.0
1360,2006,1334,66.66666666666667
1361,2006,1335,75.0
1362,2006,1338,66.66666666666667
1363,2006,1356,66.66666666666667
1364,2006,1102,50.0
1365,2006,1104,83.33333333333333
1366,2006,1361,50.0
1367,2006,1107,75.0
1368,2006,1112,75.0
1369,2006,1371,66.66666666666667
1370,2006,1116,50.0
1371,2006,1375,100.0
1372,2006,1380,66.66666666666667
1373,2006,1125,83.33333333333333
1374,2006,1130,62.5
1375,2006,1133,62.5
1376,2006,1137,75.0
1377,2006,1393,50.0
1378,2006,1397,66.66666666666667
1379,2006,1143,50.0
1380,2006,1400,65.55555555555556
1381,2006,1401,80.0
1382,2006,1412,50.0
1383,2006,1417,74.33333333333334
1384,2006,1163,65.55555555555556
1385,2006,1423,50.0
1386,2006,1172,50.0
1387,2006,1429,66.66666666666667
1388,2006,1181,65.0
1389,2006,1437,66.66666666666667
1390,2006,1449,62.5
1391,2006,1196,71.0
1392,2006,1452,62.5
1393,2006,1454,100.0
1394,2006,1455,65.0
1395,2006,1457,50.0
1396,2006,1458,50.0
1397,2006,1203,66.66666666666667
1398,2006,1206,72.91666666666667
1399,2006,1207,75.0
1400,2006,1462,66.66666666666667
1401,2006,1211,66.66666666666666
1402,2006,1214,50.0
1403,2006,1228,66.66666666666667
1404,2006,1231,66.66666666666667
1405,2006,1233,80.0
1406,2006,1234,50.0
1407,2006,1242,66.66666666666667
1408,2006,1245,50.0
1409,2006,1246,75.0
1410,2006,1261,68.75
1411,2006,1266,50.0
1412,2006,1272,66.66666666666667
1413,2006,1277,80.0
1414,2007,1305,75.0
1415,2007,1308,50.0
1416,2007,1310,75.0
1417,2007,1314,65.55555555555556
1418,2007,1317,75.0
1419,2007,1323,50.0
1420,2007,1326,74.33333333333334
1421,2007,1330,66.66666666666667
1422,2007,1331,50.0
1423,2007,1332,72.22222222222223
1424,2007,1335,66.66666666666667
1425,2007,1338,65.0
1426,2007,1345,100.0
1427,2007,1356,62.5
1428,2007,1107,50.0
1429,2007,1112,50.0
1430,2007,1116,66.66666666666667
1431,2007,1125,80.0
1432,2007,1130,80.0
1433,2007,1390,50.0
1434,2007,1394,50.0
1435,2007,1139,75.0
1436,2007,1140,50.0
1437,2007,1397,66.66666666666666
1438,2007,1400,66.66666666666667
1439,2007,1401,62.5
1440,2007,1403,50.0
1441,2007,1148,83.33333333333333
1442,2007,1417,72.91666666666667
1443,2007,1166,50.0
1444,2007,1424,62.5
1445,2007,1425,62.5
1446,2007,1172,50.0
1447,2007,1433,66.66666666666667
1448,2007,1435,65.0
1449,2007,1181,50.0
1450,2007,1438,66.66666666666667
1451,2007,1439,66.66666666666667
1452,2007,1437,50.0
1453,2007,1184,75.0
1454,2007,1450,66.66666666666667
1455,2007,1451,80.0
1456,2007,1196,71.0
1457,2007,1197,50.0
1458,2007,1457,75.0
1459,2007,1458,66.66666666666667
1460,2007,1203,66.66666666666667
1461,2007,1460,66.66666666666667
1462,2007,1462,83.33333333333333
1463,2007,1207,68.75
1464,2007,1210,66.66666666666667
1465,2007,1211,50.0
1466,2007,1221,66.66666666666667
1467,2007,1228,50.0
1468,2007,1231,80.0
1469,2007,1238,100.0
1470,2007,1242,61.66666666666667
1471,2007,1246,75.0
1472,2007,1253,66.66666666666667
1473,2007,1257,66.66666666666667
1474,2007,1266,50.0
1475,2007,1268,66.66666666666667
1476,2007,1272,66.66666666666667
1477,2007,1275,75.0
1478,2007,1277,75.0
1479,2008,1280,83.33333333333333
1480,2008,1290,80.0
1481,2008,1291,80.0
1482,2008,1314,68.33333333333334
1483,2008,1323,66.66666666666667
1484,2008,1328,75.0
1485,2008,1331,50.0
1486,2008,1332,50.0
1487,2008,1338,66.66666666666667
1488,2008,1340,100.0
1489,2008,1345,75.0
1490,2008,1360,66.66666666666667
1491,2008,1110,66.66666666666667
1492,2008,1112,66.66666666666667
1493,2008,1116,80.0
1494,2008,1373,66.66666666666667
1495,2008,1375,50.0
1496,2008,1122,75.0
1497,2008,1124,50.0
1498,2008,1125,50.0
1499,2008,1129,75.0
1500,2008,1386,50.0
1501,2008,1388,50.0
1502,2008,1390,62.5
1503,2008,1139,66.66666666666667
1504,2008,1396,66.66666666666667
1505,2008,1397,62.5
1506,2008,1140,50.0
1507,2008,1400,66.66666666666667
1508,2008,1401,80.0
1509,2008,1155,66.66666666666667
1510,2008,1417,68.75
1511,2008,1163,50.0
1512,2008,1164,50.0
1513,2008,1165,66.66666666666667
1514,2008,1420,50.0
1515,2008,1424,100.0
1516,2008,1168,66.66666666666667
1517,2008,1425,50.0
1518,2008,1426,83.33333333333333
1519,2008,1172,72.22222222222223
1520,2008,1435,50.0
1521,2008,1179,66.66666666666667
1522,2008,1181,66.66666666666667
1523,2008,1437,75.0
1524,2008,1443,65.0
1525,2008,1450,65.0
1526,2008,1452,62.5
1527,2008,1457,66.66666666666667
1528,2008,1458,62.5
1529,2008,1462,65.55555555555556
1530,2008,1207,75.0
1531,2008,1206,50.0
1532,2008,1208,75.0
1533,2008,1211,75.0
1534,2008,1231,50.0
1535,2008,1242,71.0
1536,2008,1243,66.66666666666667
1537,2008,1245,50.0
1538,2008,1246,50.0
1539,2008,1257,65.55555555555556
1540,2008,1266,66.66666666666667
1541,2008,1272,74.33333333333334
1542,2008,1274,75.0
1543,2008,1277,66.66666666666666
1544,2009,1280,50.0
1545,2009,1281,65.55555555555556
1546,2009,1287,75.0
1547,2009,1288,75.0
1548,2009,1295,66.66666666666667
1549,2009,1314,71.0
1550,2009,1320,66.66666666666667
1551,2009,1326,50.0
1552,2009,1328,72.22222222222223
1553,2009,1329,75.0
1554,2009,1338,65.55555555555556
1555,2009,1340,66.66666666666667
1556,2009,1345,65.0
1557,2009,1347,100.0
1558,2009,1352,83.33333333333333
1559,2009,1103,66.66666666666667
1560,2009,1106,50.0
1561,2009,1110,80.0
1562,2009,1112,62.5
1563,2009,1113,66.66666666666667
1564,2009,1372,66.66666666666667
1565,2009,1373,75.0
1566,2009,1127,66.66666666666667
1567,2009,1130,50.0
1568,2009,1393,62.5
1569,2009,1139,50.0
1570,2009,1140,50.0
1571,2009,1396,50.0
1572,2009,1397,50.0
1573,2009,1143,50.0
1574,2009,1400,66.66666666666667
1575,2009,1401,80.0
1576,2009,1151,80.0
1577,2009,1155,50.0
1578,2009,1156,66.66666666666667
1579,2009,1417,80.0
1580,2009,1163,68.75
1581,2009,1165,75.0
1582,2009,1425,83.33333333333333
1583,2009,1169,66.66666666666667
1584,2009,1428,66.66666666666667
1585,2009,1173,66.66666666666667
1586,2009,1429,50.0
1587,2009,1433,50.0
1588,2009,1181,65.0
1589,2009,1437,72.91666666666667
1590,2009,1443,66.66666666666667
1591,2009,1190,75.0
1592,2009,1448,50.0
1593,2009,1449,66.66666666666667
1594,2009,1452,50.0
1595,2009,1199,50.0
1596,2009,1458,66.66666666666667
1597,2009,1462,62.5
1598,2009,1211,75.0
1599,2009,1228,50.0
1600,2009,1242,66.66666666666666
1601,2009,1257,62.5
1602,2009,1261,100.0
1603,2009,1266,75.0
1604,2009,1268,66.66666666666667
1605,2009,1272,62.5
1606,2009,1276,75.0
1607,2009,1277,74.33333333333334
1608,2009,1278,50.0
1609,2010,1281,80.0
1610,2010,1285,50.0
1611,2010,1288,80.0
1612,2010,1293,83.33333333333333
1613,2010,1307,66.66666666666667
1614,2010,1308,80.0
1615,2010,1317,75.0
1616,2010,1320,65.0
1617,2010,1323,50.0
1618,2010,1324,50.0
1619,2010,1325,75.0
1620,2010,1326,62.5
1621,2010,1329,50.0
1622,2010,1330,75.0
1623,2010,1338,66.66666666666667
1624,2010,1345,75.0
1625,2010,1350,66.66666666666667
1626,2010,1352,50.0
1627,2010,1358,75.0
1628,2010,1361,75.0
1629,2010,1364,66.66666666666667
1630,2010,1115,100.0
1631,2010,1373,66.66666666666667
1632,2010,1124,72.22222222222223
1633,2010,1388,62.5
1634,2010,1393,66.66666666666666
1635,2010,1139,74.33333333333334
1636,2010,1140,75.0
1637,2010,1397,65.55555555555556
1638,2010,1396,66.66666666666667
1639,2010,1143,100.0
1640,2010,1400,50.0
1641,2010,1401,66.66666666666667
1642,2010,1155,50.0
1643,2010,1165,62.5
1644,2010,1424,66.66666666666667
1645,2010,1429,50.0
1646,2010,1431,83.33333333333333
1647,2010,1435,50.0
1648,2010,1436,66.66666666666667
1649,2010,1437,66.66666666666667
1650,2010,1181,67.5
1651,2010,1190,75.0
1652,2010,1448,75.0
1653,2010,1449,65.0
1654,2010,1452,72.91666666666667
1655,2010,1196,50.0
1656,2010,1199,50.0
1657,2010,1457,50.0
1658,2010,1458,66.66666666666667
1659,2010,1459,50.0
1660,2010,1462,62.5
1661,2010,1207,50.0
1662,2010,1210,66.66666666666667
1663,2010,1211,66.66666666666667
1664,2010,1222,50.0
1665,2010,1242,66.66666666666667
1666,2010,1243,66.66666666666667
1667,2010,1246,65.55555555555556
1668,2010,1250,50.0
1669,2010,1257,50.0
1670,2010,1266,66.66666666666667
1671,2010,1268,80.0
1672,2010,1277,68.75
1673,2010,1278,66.66666666666667
1674,2011,1281,50.0
1675,2011,1287,66.66666666666667
1676,2011,1294,66.66666666666667
1677,2011,1314,65.55555555555556
1678,2011,1323,66.66666666666667
1679,2011,1324,50.0
1680,2011,1326,60.0
1681,2011,1330,83.33333333333333
1682,2011,1336,50.0
1683,2011,1338,66.66666666666666
1684,2011,1343,80.0
1685,2011,1345,83.33333333333333
1686,2011,1350,62.5
1687,2011,1103,50.0
1688,2011,1361,75.0
1689,2011,1106,50.0
1690,2011,1364,75.0
1691,2011,1112,72.22222222222223
1692,2011,1114,50.0
1693,2011,1125,66.66666666666667
1694,2011,1385,50.0
1695,2011,1131,75.0
1696,2011,1389,50.0
1697,2011,1393,66.66666666666667
1698,2011,1137,100.0
1699,2011,1139,75.0
1700,2011,1140,62.5
1701,2011,1396,66.66666666666667
1702,2011,1397,50.0
1703,2011,1400,75.0
1704,2011,1401,66.66666666666667
1705,2011,1153,100.0
1706,2011,1155,50.0
1707,2011,1412,50.0
1708,2011,1417,75.0
1709,2011,1163,71.0
1710,2011,1421,50.0
1711,2011,1424,50.0
1712,2011,1425,83.33333333333333
1713,2011,1427,66.66666666666667
1714,2011,1429,50.0
1715,2011,1433,68.75
1716,2011,1435,66.66666666666667
1717,2011,1181,62.5
1718,2011,1437,50.0
1719,2011,1449,75.0
1720,2011,1196,66.66666666666667
1721,2011,1452,65.0
1722,2011,1199,66.66666666666666
1723,2011,1458,66.66666666666666
1724,2011,1459,66.66666666666667
1725,2011,1206,66.66666666666667
1726,2011,1462,66.66666666666667
1727,2011,1207,83.33333333333333
1728,2011,1208,50.0
1729,2011,1211,66.66666666666667
1730,2011,1214,66.66666666666667
1731,2011,1228,75.0
1732,2011,1232,50.0
1733,2011,1242,66.66666666666667
1734,2011,1243,66.66666666666667
1735,2011,1246,72.91666666666667
1736,2011,1254,75.0
1737,2011,1257,50.0
1738,2011,1266,62.5
1739,2011,1272,75.0
1740,2011,1276,66.66666666666667
1741,2011,1277,50.0
1742,2012,1281,50.0
1743,2012,1285,66.66666666666667
1744,2012,1290,50.0
1745,2012,1293,66.66666666666667
1746,2012,1301,66.66666666666666
1747,2012,1307,80.0
1748,2012,1308,66.66666666666667
1749,2012,1313,75.0
1750,2012,1314,62.5
1751,2012,1323,66.66666666666667
1752,2012,1325,70.83333333333334
1753,2012,1326,68.75
1754,2012,1345,83.33333333333333
1755,2012,1355,75.0
1756,2012,1104,50.0
1757,2012,1361,66.66666666666667
1758,2012,1378,66.66666666666667
1759,2012,1379,50.0
1760,2012,1124,72.22222222222223
1761,2012,1125,50.0
1762,2012,1382,50.0
1763,2012,1387,66.66666666666667
1764,2012,1388,50.0
1765,2012,1393,65.55555555555556
1766,2012,1140,66.66666666666667
1767,2012,1396,66.66666666666667
1768,2012,1143,66.66666666666667
1769,2012,1400,66.66666666666667
1770,2012,1153,65.0
1771,2012,1160,75.0
1772,2012,1161,50.0
1773,2012,1163,50.0
1774,2012,1421,75.0
1775,2012,1166,75.0
1776,2012,1424,50.0
1777,2012,1172,80.0
1778,2012,1433,66.66666666666667
1779,2012,1178,83.33333333333333
1780,2012,1435,66.66666666666667
1781,2012,1436,75.0
1782,2012,1181,50.0
1783,2012,1438,75.0
1784,2012,1443,100.0
1785,2012,1196,65.55555555555556
1786,2012,1452,50.0
1787,2012,1199,66.66666666666667
1788,2012,1455,50.0
1789,2012,1458,62.5
1790,2012,1462,62.5
1791,2012,1207,66.66666666666667
1792,2012,1211,80.0
1793,2012,1217,50.0
1794,2012,1231,75.0
1795,2012,1233,50.0
1796,2012,1235,100.0
1797,2012,1242,74.33333333333334
1798,2012,1243,75.0
1799,2012,1246,67.5
1800,2012,1249,50.0
1801,2012,1250,66.66666666666667
1802,2012,1253,50.0
1803,2012,1254,66.66666666666667
1804,2012,1257,72.91666666666667
1805,2012,1259,80.0
1806,2012,1266,58.333333333333336
1807,2012,1272,50.0
1808,2012,1276,66.66666666666667
1809,2012,1277,65.0
1810,2013,1281,50.0
1811,2013,1285,80.0
1812,2013,1292,50.0
1813,2013,1299,100.0
1814,2013,1301,50.0
1815,2013,1307,50.0
1816,2013,1308,50.0
1817,2013,1314,66.66666666666667
1818,2013,1322,75.0
1819,2013,1323,50.0
1820,2013,1326,65.55555555555556
1821,2013,1328,50.0
1822,2013,1329,66.66666666666667
1823,2013,1332,75.0
1824,2013,1334,66.66666666666667
1825,2013,1338,80.0
1826,2013,1355,83.33333333333333
1827,2013,1103,50.0
1828,2013,1361,66.66666666666667
1829,2013,1107,75.0
1830,2013,1112,62.5
1831,2013,1380,50.0
1832,2013,1125,66.66666666666667
1833,2013,1129,75.0
1834,2013,1387,66.66666666666667
1835,2013,1388,50.0
1836,2013,1393,68.75
1837,2013,1137,50.0
1838,2013,1139,75.0
1839,2013,1396,66.66666666666667
1840,2013,1143,80.0
1841,2013,1153,50.0
1842,2013,1160,50.0
1843,2013,1161,100.0
1844,2013,1417,50.0
1845,2013,1166,75.0
1846,2013,1424,50.0
1847,2013,1172,75.0
1848,2013,1433,83.33333333333333
1849,2013,1434,66.66666666666667
1850,2013,1181,72.22222222222223
1851,2013,1437,50.0
1852,2013,1443,66.66666666666667
1853,2013,1195,62.5
1854,2013,1196,66.66666666666667
1855,2013,1455,75.0
1856,2013,1458,50.0
1857,2013,1207,66.66666666666667
1858,2013,1211,80.0
1859,2013,1217,66.66666666666667
1860,2013,1228,66.66666666666667
1861,2013,1231,60.0
1862,2013,1233,75.0
1863,2013,1235,75.0
1864,2013,1241,66.66666666666667
1865,2013,1242,66.66666666666666
1866,2013,1243,75.0
1867,2013,1247,65.0
1868,2013,1251,50.0
1869,2013,1254,50.0
1870,2013,1257,67.5
1871,2013,1266,65.55555555555556
1872,2013,1272,58.333333333333336
1873,2013,1274,62.5
1874,2013,1276,74.33333333333334
1875,2013,1277,62.5
1876,2013,1278,75.0
1877,2013,1279,75.0
1878,2014,1291,50.0
1879,2014,1295,66.66666666666667
1880,2014,1300,66.66666666666667
1881,2014,1301,50.0
1882,2014,1304,66.66666666666667
1883,2014,1307,66.66666666666667
1884,2014,1308,66.66666666666667
1885,2014,1314,66.66666666666667
1886,2014,1326,75.0
1887,2014,1328,50.0
1888,2014,1329,50.0
1889,2014,1332,80.0
1890,2014,1338,80.0
1891,2014,1344,50.0
1892,2014,1361,62.5
1893,2014,1107,80.0
1894,2014,1110,80.0
1895,2014,1112,65.55555555555556
1896,2014,1113,50.0
1897,2014,1372,66.66666666666667
1898,2014,1124,65.0
1899,2014,1386,100.0
1900,2014,1387,58.333333333333336
1901,2014,1390,62.5
1902,2014,1393,75.0
1903,2014,1140,50.0
1904,2014,1397,62.5
1905,2014,1142,50.0
1906,2014,1400,75.0
1907,2014,1153,50.0
1908,2014,1409,66.66666666666667
1909,2014,1411,50.0
1910,2014,1157,66.66666666666667
1911,2014,1160,50.0
1912,2014,1417,65.0
1913,2014,1418,50.0
1914,2014,1163,71.0
1915,2014,1166,66.66666666666667
1916,2014,1173,65.55555555555556
1917,2014,1174,75.0
1918,2014,1433,50.0
1919,2014,1437,100.0
1920,2014,1438,62.5
1921,2014,1181,50.0
1922,2014,1184,50.0
1923,2014,1444,50.0
1924,2014,1451,75.0
1925,2014,1196,68.33333333333334
1926,2014,1454,50.0
1927,2014,1455,66.66666666666666
1928,2014,1458,68.75
1929,2014,1459,75.0
1930,2014,1203,50.0
1931,2014,1462,50.0
1932,2014,1211,75.0
1933,2014,1217,75.0
1934,2014,1234,75.0
1935,2014,1235,75.0
1936,2014,1242,66.66666666666667
1937,2014,1243,83.33333333333333
1938,2014,1246,74.33333333333334
1939,2014,1257,66.66666666666666
1940,2014,1264,66.66666666666667
1941,2014,1269,75.0
1942,2014,1272,66.66666666666667
1943,2014,1273,75.0
1944,2014,1276,69.44444444444444
1945,2014,1277,72.22222222222223
1946,2015,1295,75.0
1947,2015,1301,62.5
1948,2015,1308,50.0
1949,2015,1314,66.66666666666666
1950,2015,1316,50.0
1951,2015,1318,75.0
1952,2015,1320,75.0
1953,2015,1323,65.55555555555556
1954,2015,1326,75.0
1955,2015,1328,73.33333333333334
1956,2015,1329,50.0
1957,2015,1332,83.33333333333333
1958,2015,1344,66.66666666666667
1959,2015,1345,50.0
1960,2015,1352,100.0
1961,2015,1361,100.0
1962,2015,1107,66.66666666666667
1963,2015,1112,66.66666666666667
1964,2015,1116,66.66666666666667
1965,2015,1372,66.66666666666667
1966,2015,1374,66.66666666666667
1967,2015,1124,50.0
1968,2015,1125,50.0
1969,2015,1129,66.66666666666667
1970,2015,1385,50.0
1971,2015,1138,66.66666666666667
1972,2015,1139,75.0
1973,2015,1140,50.0
1974,2015,1400,50.0
1975,2015,1153,80.0
1976,2015,1411,75.0
1977,2015,1412,66.66666666666667
1978,2015,1157,83.33333333333333
1979,2015,1414,75.0
1980,2015,1417,62.5
1981,2015,1428,75.0
1982,2015,1173,66.66666666666667
1983,2015,1172,50.0
1984,2015,1433,50.0
1985,2015,1434,50.0
1986,2015,1437,66.66666666666667
1987,2015,1181,67.5
1988,2015,1438,80.0
1989,2015,1186,50.0
1990,2015,1452,65.0
1991,2015,1455,62.5
1992,2015,1458,74.33333333333334
1993,2015,1459,50.0
1994,2015,1461,50.0
1995,2015,1462,58.333333333333336
1996,2015,1207,66.66666666666667
1997,2015,1208,80.0
1998,2015,1209,66.66666666666667
1999,2015,1211,72.22222222222223
2000,2015,1214,80.0
2001,2015,1217,66.66666666666667
2002,2015,1231,66.66666666666667
2003,2015,1234,75.0
2004,2015,1235,50.0
2005,2015,1242,66.66666666666667
2006,2015,1246,65.0
2007,2015,1248,50.0
2008,2015,1257,65.55555555555556
2009,2015,1261,66.66666666666667
2010,2015,1264,50.0
2011,2015,1268,66.66666666666667
2012,2015,1277,72.91666666666667
2013,2015,1279,66.66666666666667
2014,2016,1292,80.0
2015,2016,1314,70.27777777777779
2016,2016,1320,66.66666666666667
2017,2016,1323,62.5
2018,2016,1328,72.91666666666667
2019,2016,1332,61.66666666666667
2020,2016,1333,50.0
2021,2016,1338,66.66666666666667
2022,2016,1344,83.33333333333333
2023,2016,1345,50.0
2024,2016,1355,66.66666666666667
2025,2016,1112,66.66666666666667
2026,2016,1114,66.66666666666667
2027,2016,1371,66.66666666666667
2028,2016,1372,75.0
2029,2016,1122,75.0
2030,2016,1380,50.0
2031,2016,1124,50.0
2032,2016,1386,75.0
2033,2016,1392,50.0
2034,2016,1393,68.75
2035,2016,1138,66.66666666666667
2036,2016,1139,75.0
2037,2016,1396,50.0
2038,2016,1143,50.0
2039,2016,1400,50.0
2040,2016,1401,65.0
2041,2016,1403,50.0
2042,2016,1151,66.66666666666667
2043,2016,1409,50.0
2044,2016,1153,50.0
2045,2016,1160,50.0
2046,2016,1163,75.0
2047,2016,1421,100.0
2048,2016,1423,66.66666666666667
2049,2016,1167,80.0
2050,2016,1425,50.0
2051,2016,1428,66.66666666666667
2052,2016,1173,80.0
2053,2016,1433,80.0
2054,2016,1435,66.66666666666667
2055,2016,1181,62.5
2056,2016,1438,65.55555555555556
2057,2016,1437,71.0
2058,2016,1192,50.0
2059,2016,1195,83.33333333333333
2060,2016,1452,50.0
2061,2016,1453,66.66666666666667
2062,2016,1451,50.0
2063,2016,1455,66.66666666666667
2064,2016,1201,50.0
2065,2016,1458,62.5
2066,2016,1462,66.66666666666667
2067,2016,1463,66.66666666666667
2068,2016,1211,65.0
2069,2016,1214,75.0
2070,2016,1218,66.66666666666667
2071,2016,1221,75.0
2072,2016,1231,66.66666666666666
2073,2016,1233,66.66666666666667
2074,2016,1234,100.0
2075,2016,1235,62.5
2076,2016,1242,72.22222222222223
2077,2016,1246,66.66666666666667
2078,2016,1268,62.5
2079,2016,1274,83.33333333333334
2080,2016,1276,75.0
2081,2016,1277,50.0
2082,2017,1291,50.0
2083,2017,1292,66.66666666666667
2084,2017,1297,75.0
2085,2017,1300,50.0
2086,2017,1305,50.0
2087,2017,1308,66.66666666666667
2088,2017,1309,50.0
2089,2017,1314,71.0
2090,2017,1315,66.66666666666667
2091,2017,1321,83.33333333333333
2092,2017,1323,66.66666666666667
2093,2017,1329,66.66666666666667
2094,2017,1332,72.91666666666667
2095,2017,1343,50.0
2096,2017,1344,66.66666666666667
2097,2017,1345,62.5
2098,2017,1348,80.0
2099,2017,1355,83.33333333333333
2100,2017,1112,62.5
2101,2017,1371,50.0
2102,2017,1116,100.0
2103,2017,1374,66.66666666666667
2104,2017,1376,68.75
2105,2017,1124,73.33333333333334
2106,2017,1388,66.66666666666667
2107,2017,1137,66.66666666666667
2108,2017,1139,75.0
2109,2017,1407,50.0
2110,2017,1153,58.333333333333336
2111,2017,1411,100.0
2112,2017,1413,75.0
2113,2017,1417,62.5
2114,2017,1166,50.0
2115,2017,1423,50.0
2116,2017,1425,66.66666666666667
2117,2017,1173,50.0
2118,2017,1433,50.0
2119,2017,1435,50.0
2120,2017,1436,66.66666666666667
2121,2017,1437,58.333333333333336
2122,2017,1438,75.0
2123,2017,1181,80.0
2124,2017,1439,66.66666666666667
2125,2017,1190,75.0
2126,2017,1448,50.0
2127,2017,1195,50.0
2128,2017,1196,65.55555555555556
2129,2017,1452,66.66666666666666
2130,2017,1199,75.0
2131,2017,1455,75.0
2132,2017,1457,66.66666666666667
2133,2017,1458,62.5
2134,2017,1462,66.66666666666667
2135,2017,1211,74.33333333333334
2136,2017,1233,80.0
2137,2017,1235,66.66666666666667
2138,2017,1240,50.0
2139,2017,1242,61.66666666666667
2140,2017,1243,50.0
2141,2017,1245,66.66666666666667
2142,2017,1246,72.22222222222223
2143,2017,1257,66.66666666666667
2144,2017,1266,80.0
2145,2017,1268,75.0
2146,2017,1274,50.0
2147,2017,1276,65.0
2148,2017,1277,75.0
2149,2017,1278,50.0
2150,2018,1281,75.0
2151,2018,1285,83.33333333333333
2152,2018,1293,66.66666666666667
2153,2018,1300,50.0
2154,2018,1301,50.0
2155,2018,1305,65.0
2156,2018,1308,66.66666666666667
2157,2018,1314,66.66666666666667
2158,2018,1326,66.66666666666667
2159,2018,1328,50.0
2160,2018,1335,80.0
2161,2018,1344,66.66666666666667
2162,2018,1345,62.5
2163,2018,1347,100.0
2164,2018,1348,75.0
2165,2018,1355,50.0
2166,2018,1104,100.0
2167,2018,1361,50.0
2168,2018,1112,50.0
2169,2018,1113,75.0
2170,2018,1371,80.0
2171,2018,1372,75.0
2172,2018,1116,50.0
2173,2018,1120,66.66666666666667
2174,2018,1382,50.0
2175,2018,1393,62.5
2176,2018,1138,66.66666666666667
2177,2018,1139,66.66666666666667
2178,2018,1137,50.0
2179,2018,1397,80.0
2180,2018,1395,75.0
2181,2018,1400,66.66666666666667
2182,2018,1401,66.66666666666666
2183,2018,1403,72.22222222222223
2184,2018,1153,66.66666666666667
2185,2018,1411,50.0
2186,2018,1155,65.0
2187,2018,1158,50.0
2188,2018,1417,50.0
2189,2018,1420,75.0
2190,2018,1422,66.66666666666667
2191,2018,1166,75.0
2192,2018,1168,66.66666666666667
2193,2018,1172,66.66666666666667
2194,2018,1181,68.33333333333333
2195,2018,1437,67.5
2196,2018,1438,50.0
2197,2018,1439,50.0
2198,2018,1196,62.5
2199,2018,1452,75.0
2200,2018,1199,66.66666666666667
2201,2018,1455,50.0
2202,2018,1460,50.0
2203,2018,1462,62.5
2204,2018,1209,50.0
2205,2018,1211,62.5
2206,2018,1222,83.33333333333333
2207,2018,1233,75.0
2208,2018,1242,72.91666666666667
2209,2018,1243,65.55555555555556
2210,2018,1246,62.5
2211,2018,1252,50.0
2212,2018,1254,50.0
2213,2018,1260,68.75
2214,2018,1267,66.66666666666667
2215,2018,1274,80.0
2216,2018,1276,74.33333333333334
2217,2018,1277,75.0
2218,2019,1280,50.0
2219,2019,1285,66.66666666666667
2220,2019,1293,66.66666666666667
2221,2019,1295,75.0
2222,2019,1297,83.33333333333333
2223,2019,1300,50.0
2224,2019,1305,50.0
2225,2019,1308,80.0
2226,2019,1314,65.0
2227,2019,1318,50.0
2228,2019,1326,66.66666666666667
2229,2019,1328,100.0
2230,2019,1330,75.0
2231,2019,1332,75.0
2232,2019,1341,50.0
2233,2019,1345,72.22222222222223
2234,2019,1101,75.0
2235,2019,1113,50.0
2236,2019,1371,50.0
2237,2019,1120,72.91666666666667
2238,2019,1124,75.0
2239,2019,1125,50.0
2240,2019,1385,50.0
2241,2019,1387,66.66666666666667
2242,2019,1388,50.0
2243,2019,1133,80.0
2244,2019,1393,50.0
2245,2019,1138,66.66666666666666
2246,2019,1396,50.0
2247,2019,1397,62.5
2248,2019,1403,74.33333333333334
2249,2019,1153,50.0
2250,2019,1414,66.66666666666667
2251,2019,1159,66.66666666666667
2252,2019,1416,75.0
2253,2019,1429,50.0
2254,2019,1433,50.0
2255,2019,1436,66.66666666666667
2256,2019,1437,75.0
2257,2019,1181,61.66666666666667
2258,2019,1438,71.0
2259,2019,1439,62.5
2260,2019,1192,75.0
2261,2019,1449,66.66666666666667
2262,2019,1196,66.66666666666667
2263,2019,1199,62.5
2264,2019,1458,66.66666666666667
2265,2019,1459,75.0
2266,2019,1205,100.0
2267,2019,1463,66.66666666666667
2268,2019,1209,66.66666666666667
2269,2019,1211,62.5
2270,2019,1222,62.5
2271,2019,1233,66.66666666666667
2272,2019,1234,66.66666666666667
2273,2019,1235,50.0
2274,2019,1242,80.0
2275,2019,1243,50.0
2276,2019,1246,65.55555555555556
2277,2019,1251,66.66666666666667
2278,2019,1257,50.0
2279,2019,1261,65.0
2280,2019,1266,50.0
2281,2019,1268,58.333333333333336
2282,2019,1276,66.66666666666666
2283,2019,1277,68.75
2284,2019,1278,80.0
2285,2019,1279,50.0
2286,2021,1281,50.0
2287,2021,1287,50.0
2288,2021,1291,50.0
2289,2021,1313,83.33333333333333
2290,2021,1314,50.0
2291,2021,1317,66.66666666666667
2292,2021,1325,66.66666666666667
2293,2021,1326,66.66666666666667
2294,2021,1328,83.33333333333333
2295,2021,1329,75.0
2296,2021,1331,62.5
2297,2021,1332,62.5
2298,2021,1333,65.55555555555556
2299,2021,1345,50.0
2300,2021,1353,80.0
2301,2021,1101,83.33333333333333
2302,2021,1104,66.66666666666666
2303,2021,1361,66.66666666666667
2304,2021,1364,66.66666666666667
2305,2021,1111,50.0
2306,2021,1116,72.22222222222223
2307,2021,1124,71.0
2308,2021,1382,50.0
2309,2021,1393,65.0
2310,2021,1140,83.33333333333333
2311,2021,1397,75.0
2312,2021,1400,50.0
2313,2021,1403,75.0
2314,2021,1411,75.0
2315,2021,1155,50.0
2316,2021,1156,80.0
2317,2021,1159,75.0
2318,2021,1160,66.66666666666667
2319,2021,1417,68.75
2320,2021,1163,50.0
2321,2021,1166,66.66666666666666
2322,2021,1422,66.66666666666667
2323,2021,1425,58.33333333333333
2324,2021,1429,50.0
2325,2021,1179,75.0
2326,2021,1180,50.0
2327,2021,1437,75.0
2328,2021,1438,50.0
2329,2021,1439,50.0
2330,2021,1186,50.0
2331,2021,1196,66.66666666666667
2332,2021,1452,66.66666666666667
2333,2021,1199,62.5
2334,2021,1455,50.0
2335,2021,1457,66.66666666666667
2336,2021,1458,100.0
2337,2021,1207,50.0
2338,2021,1210,66.66666666666667
2339,2021,1211,70.83333333333333
2340,2021,1213,50.0
2341,2021,1216,100.0
2342,2021,1222,72.91666666666667
2343,2021,1228,66.66666666666667
2344,2021,1233,66.66666666666667
2345,2021,1234,50.0
2346,2021,1242,75.0
2347,2021,1251,50.0
2348,2021,1260,62.5
2349,2021,1261,75.0
2350,2021,1268,66.66666666666667
2351,2021,1276,62.5
2352,2021,1277,83.33333333333333
2353,2022,1286,66.66666666666667
2354,2022,1293,75.0
2355,2022,1308,75.0
2356,2022,1313,50.0
2357,2022,1314,74.33333333333334
2358,2022,1323,66.66666666666667
2359,2022,1326,80.0
2360,2022,1344,75.0
2361,2022,1345,62.5
2362,2022,1350,66.66666666666667
2363,2022,1353,66.66666666666667
2364,2022,1355,66.66666666666667
2365,2022,1103,66.66666666666667
2366,2022,1104,66.66666666666667
2367,2022,1361,50.0
2368,2022,1362,50.0
2369,2022,1112,58.333333333333336
2370,2022,1371,50.0
2371,2022,1116,65.55555555555556
2372,2022,1120,75.0
2373,2022,1124,83.33333333333333
2374,2022,1129,50.0
2375,2022,1388,58.333333333333336
2376,2022,1389,66.66666666666667
2377,2022,1136,50.0
2378,2022,1394,50.0
2379,2022,1395,66.66666666666667
2380,2022,1397,66.66666666666667
2381,2022,1400,66.66666666666667
2382,2022,1403,73.33333333333334
2383,2022,1151,50.0
2384,2022,1411,100.0
2385,2022,1412,75.0
2386,2022,1159,50.0
2387,2022,1417,66.66666666666666
2388,2022,1161,66.66666666666667
2389,2022,1163,50.0
2390,2022,1166,100.0
2391,2022,1168,80.0
2392,2022,1425,75.0
2393,2022,1172,50.0
2394,2022,1174,80.0
2395,2022,1436,75.0
2396,2022,1181,68.75
2397,2022,1437,72.91666666666667
2398,2022,1439,50.0
2399,2022,1458,66.66666666666667
2400,2022,1460,66.66666666666667
2401,2022,1461,50.0
2402,2022,1463,66.66666666666667
2403,2022,1209,66.66666666666667
2404,2022,1211,62.5
2405,2022,1222,65.55555555555556
2406,2022,1228,75.0
2407,2022,1231,50.0
2408,2022,1234,50.0
2409,2022,1235,62.5
2410,2022,1240,50.0
2411,2022,1242,67.5
2412,2022,1246,75.0
2413,2022,1255,50.0
2414,2022,1260,50.0
2415,2022,1261,66.66666666666667
2416,2022,1266,83.33333333333333
2417,2022,1272,66.66666666666667
2418,2022,1274,72.22222222222223
2419,2022,1276,65.0
2420,2022,1277,80.0
2421,2023,1280,66.66666666666667
2422,2023,1281,66.66666666666667
2423,2023,1286,75.0
2424,2023,1297,66.66666666666667
2425,2023,1301,75.0
2426,2023,1305,50.0
2427,2023,1321,66.66666666666667
2428,2023,1331,50.0
2429,2023,1336,75.0
2430,2023,1338,66.66666666666667
2431,2023,1343,62.5
2432,2023,1344,50.0
2433,2023,1345,66.66666666666667
2434,2023,1104,61.11111111111111
2435,2023,1361,74.33333333333334
2436,2023,1364,50.0
2437,2023,1112,66.66666666666667
2438,2023,1113,50.0
2439,2023,1369,50.0
2440,2023,1116,75.0
2441,2023,1120,66.66666666666667
2442,2023,1124,75.0
2443,2023,1129,50.0
2444,2023,1388,100.0
2445,2023,1394,66.66666666666667
2446,2023,1395,62.5
2447,2023,1397,65.0
2448,2023,1400,65.55555555555556
2449,2023,1401,50.0
2450,2023,1411,66.66666666666667
2451,2023,1158,83.33333333333333
2452,2023,1159,75.0
2453,2023,1417,62.5
2454,2023,1418,66.66666666666667
2455,2023,1163,71.0
2456,2023,1421,66.66666666666667
2457,2023,1166,66.66666666666667
2458,2023,1425,66.66666666666667
2459,2023,1429,50.0
2460,2023,1433,50.0
2461,2023,1179,80.0
2462,2023,1436,50.0
2463,2023,1181,66.66666666666667
2464,2023,1438,50.0
2465,2023,1192,80.0
2466,2023,1194,72.91666666666667
2467,2023,1452,50.0
2468,2023,1202,83.33333333333333
2469,2023,1462,70.83333333333334
2470,2023,1211,72.22222222222223
2471,2023,1213,75.0
2472,2023,1222,65.0
2473,2023,1224,50.0
2474,2023,1228,66.66666666666667
2475,2023,1231,80.0
2476,2023,1233,100.0
2477,2023,1234,50.0
2478,2023,1235,66.66666666666667
2479,2023,1242,66.66666666666667
2480,2023,1243,65.55555555555556
2481,2023,1244,66.66666666666667
2482,2023,1245,50.0
2483,2023,1246,75.0
2484,2023,1266,66.66666666666667
2485,2023,1268,66.66666666666667
2486,2023,1272,80.0
2487,2023,1274,72.91666666666667
2488,2023,1277,62.5
2489,2024,1280,50.0
2490,2024,1286,50.0
2491,2024,1287,75.0
2492,2024,1301,68.75
2493,2024,1304,50.0
2494,2024,1305,50.0
2495,2024,1307,75.0
2496,2024,1314,60.0
2497,2024,1321,100.0
2498,2024,1324,80.0
2499,2024,1332,66.66666666666667
2500,2024,1345,70.27777777777779
2501,2024,1355,66.66666666666667
2502,2024,1103,66.66666666666667
2503,2024,1104,72.91666666666667
2504,2024,1361,75.0
2505,2024,1359,50.0
2506,2024,1112,62.5
2507,2024,1376,50.0
2508,2024,1120,50.0
2509,2024,1124,75.0
2510,2024,1129,66.66666666666667
2511,2024,1388,50.0
2512,2024,1389,75.0
2513,2024,1391,100.0
2514,2024,1395,50.0
2515,2024,1140,50.0
2516,2024,1397,66.66666666666667
2517,2024,1400,62.5
2518,2024,1401,66.66666666666667
2519,2024,1403,80.0
2520,2024,1155,65.55555555555556
2521,2024,1412,66.66666666666667
2522,2024,1158,80.0
2523,2024,1159,50.0
2524,2024,1160,66.66666666666667
2525,2024,1161,50.0
2526,2024,1163,71.0
2527,2024,1166,62.5
2528,2024,1173,66.66666666666667
2529,2024,1429,83.33333333333333
2530,2024,1179,50.0
2531,2024,1436,75.0
2532,2024,1181,65.55555555555556
2533,2024,1182,75.0
2534,2024,1438,50.0
2535,2024,1443,66.66666666666667
2536,2024,1447,66.66666666666667
2537,2024,1450,66.66666666666667
2538,2024,1194,50.0
2539,2024,1196,66.66666666666667
2540,2024,1458,50.0
2541,2024,1463,66.66666666666667
2542,2024,1211,66.66666666666666
2543,2024,1212,83.33333333333333
2544,2024,1213,80.0
2545,2024,1222,62.5
2546,2024,1224,50.0
2547,2024,1228,72.22222222222223
2548,2024,1235,62.5
2549,2024,1241,75.0
2550,2024,1242,66.66666666666667
2551,2024,1246,50.0
2552,2024,1253,66.66666666666667
2553,2024,1255,66.66666666666667
2554,2024,1266,73.33333333333334
2555,2024,1270,66.66666666666667
2556,2024,1277,66.66666666666667
