Season,TeamID,Opponent_WinPct,Opponent_PointDiff,AdjPointDiff
1985,1292,75,27,2025
1985,1298,66.66666667,6,400
1985,1299,75,21,1575
1985,1301,65.55555556,23,1507.777778
1985,1305,75,28,2100
1985,1314,72.22222222,14,1011.111111
1985,1318,66.66666667,35,2333.333333
1985,1323,75,27,2025
1985,1325,50,11,550
1985,1326,66.66666667,36,2400
1985,1328,65.55555556,18.66666667,1223.703704
1985,1330,50,17,850
1985,1333,50,9,450
1985,1335,80,17,1360
1985,1337,50,13,650
1985,1338,66.66666667,36,2400
1985,1345,66.66666667,3,200
1985,1104,62.5,22,1375
1985,1361,50,5,250
1985,1112,66.66666667,13,866.6666667
1985,1116,80,52,4160
1985,1374,66.66666667,14,933.3333333
1985,1120,62.5,19,1187.5
1985,1380,80,52,4160
1985,1385,68.75,31.5,2165.625
1985,1130,65,15,975
1985,1393,75,32,2400
1985,1396,83.33333333,78,6500
1985,1403,66.66666667,3,200
1985,1409,50,4,200
1985,1412,80,17,1360
1985,1424,66.66666667,11,733.3333333
1985,1425,50,3,150
1985,1173,100,30,3000
1985,1431,75,28,2100
1985,1433,66.66666667,13,866.6666667
1985,1177,50,5,250
1985,1181,66.66666667,3,200
1985,1437,71,26.4,1874.4
1985,1439,50,3,150
1985,1192,50,4,200
1985,1449,66.66666667,11,733.3333333
1985,1455,50,8,400
1985,1207,74.33333333,26.2,1947.533333
1985,1208,66.66666667,35,2333.333333
1985,1210,66.66666667,39.33333333,2622.222222
1985,1228,62.5,20,1250
1985,1229,75,21,1575
1985,1233,66.66666667,14,933.3333333
1985,1234,50,9,450
1985,1235,50,11,550
1985,1242,66.66666667,3,200
1985,1246,65,28.5,1852.5
1985,1250,83.33333333,78,6500
1985,1256,62.5,16,1000
1985,1260,66.66666667,47.5,3166.666667
1985,1261,50,23,1150
1985,1267,50,16,800
1985,1268,75,26.5,1987.5
1985,1272,72.91666667,14,1020.833333
1985,1273,75,32,2400
1985,1275,66.66666667,6,400
1985,1276,100,30,3000
1985,1277,50,2,100
1986,1281,50,2,100
1986,1286,50,9,450
1986,1290,83.33333333,67,5583.333333
1986,1298,66.66666667,42,2800
1986,1299,80,65,5200
1986,1301,65.55555556,25.66666667,1682.592593
1986,1304,50,8,400
1986,1314,75,36.5,2737.5
1986,1318,50,6,300
1986,1323,50,7,350
1986,1328,66.66666667,9,600
1986,1330,83.33333333,67,5583.333333
1986,1337,50,5,250
1986,1345,80,17,1360
1986,1350,50,1,50
1986,1103,50,6,300
1986,1104,62.5,28,1750
1986,1112,75,33,2475
1986,1114,75,20,1500
1986,1120,72.22222222,36.33333333,2624.074074
1986,1123,50,32,1600
1986,1385,75,33,2475
1986,1386,66.66666667,10,666.6666667
1986,1133,100,71,7100
1986,1135,50,49,2450
1986,1393,75,32,2400
1986,1396,80,65,5200
1986,1403,50,6,300
1986,1409,75,32,2400
1986,1412,66.66666667,30,2000
1986,1156,62.5,16.5,1031.25
1986,1419,66.66666667,29,1933.333333
1986,1424,62.5,19,1187.5
1986,1428,66.66666667,30,2000
1986,1172,75,32,2400
1986,1431,50,18,900
1986,1177,66.66666667,36.5,2433.333333
1986,1180,100,71,7100
1986,1181,74.33333333,37,2750.333333
1986,1437,66.66666667,20,1333.333333
1986,1438,66.66666667,9,600
1986,1439,50,9,450
1986,1443,75,32,2400
1986,1449,66.66666667,14,933.3333333
1986,1193,50,24,1200
1986,1452,50,8,400
1986,1462,66.66666667,19,1266.666667
1986,1207,66.66666667,14,933.3333333
1986,1210,65,13,845
1986,1228,66.66666667,19,1266.666667
1986,1231,66.66666667,10,666.6666667
1986,1234,75,20,1500
1986,1235,62.5,13,812.5
1986,1239,50,11,550
1986,1242,68.75,28,1925
1986,1246,65.55555556,14.66666667,961.4814815
1986,1257,71,33,2343
1986,1261,72.91666667,38.75,2825.520833
1986,1265,66.66666667,20,1333.333333
1986,1268,66.66666667,29,1933.333333
1986,1272,80,17,1360
1986,1275,66.66666667,5,333.3333333
1986,1276,66.66666667,5,333.3333333
1986,1277,65,35.5,2307.5
1987,1281,50,1,50
1987,1283,66.66666667,15,1000
1987,1292,66.66666667,14,933.3333333
1987,1298,50,15,750
1987,1299,66.66666667,42,2800
1987,1301,66.66666667,31,2066.666667
1987,1309,66.66666667,42,2800
1987,1314,66.66666667,25.66666667,1711.111111
1987,1318,50,9,450
1987,1323,62.5,32.5,2031.25
1987,1326,75,38,2850
1987,1328,62.5,26,1625
1987,1335,75,49,3675
1987,1338,66.66666667,8,533.3333333
1987,1344,68.75,32.25,2217.1875
1987,1345,66.66666667,31,2066.666667
1987,1104,65,32.5,2112.5
1987,1360,50,1,50
1987,1365,75,27,2025
1987,1112,50,7,350
1987,1120,100,63,6300
1987,1122,80,61,4880
1987,1380,50,19,950
1987,1385,66.66666667,22,1466.666667
1987,1393,74.33333333,41.2,3062.533333
1987,1137,75,38,2850
1987,1395,66.66666667,14,933.3333333
1987,1396,75,21,1575
1987,1140,50,4,200
1987,1141,50,19,950
1987,1401,66.66666667,12,800
1987,1409,66.66666667,8,533.3333333
1987,1155,50,5,250
1987,1412,80,61,4880
1987,1417,66.66666667,14,933.3333333
1987,1424,72.91666667,26.75,1950.520833
1987,1431,75,27,2025
1987,1177,62.5,11.5,718.75
1987,1181,75,32,2400
1987,1438,66.66666667,14,933.3333333
1987,1443,83.33333333,48,4000
1987,1193,100,63,6300
1987,1196,66.66666667,28.5,1900
1987,1452,50,2,100
1987,1455,50,2,100
1987,1204,83.33333333,48,4000
1987,1461,65,40,2600
1987,1462,66.66666667,12,800
1987,1207,65.55555556,30,1966.666667
1987,1208,50,3,150
1987,1210,75,21,1575
1987,1222,66.66666667,15,1000
1987,1226,80,61,4880
1987,1228,50,1,50
1987,1231,71,28.6,2030.6
1987,1234,65.55555556,25.33333333,1660.740741
1987,1242,62.5,21.5,1343.75
1987,1243,80,61,4880
1987,1246,50,14,700
1987,1256,66.66666667,22,1466.666667
1987,1261,72.22222222,34.66666667,2503.703704
1987,1265,50,25,1250
1987,1267,50,16,800
1987,1276,75,49,3675
1988,1281,66.66666667,10,666.6666667
1988,1283,50,4,200
1988,1293,100,53,5300
1988,1299,50,14,700
1988,1301,50,3,150
1988,1314,65.55555556,46.33333333,3037.407407
1988,1317,75,53,3975
1988,1323,50,8,400
1988,1328,74.33333333,42.2,3136.866667
1988,1333,66.66666667,30,2000
1988,1338,66.66666667,9,600
1988,1345,62.5,19.5,1218.75
1988,1348,65,28,1820
1988,1350,62.5,34.5,2156.25
1988,1364,50,10,500
1988,1112,68.75,44,3025
1988,1371,80,107,8560
1988,1116,75,17,1275
1988,1374,80,42,3360
1988,1120,83.33333333,85,7083.333333
1988,1124,50,15,750
1988,1380,66.66666667,24,1600
1988,1385,50,3,150
1988,1129,66.66666667,28,1866.666667
1988,1131,80,42,3360
1988,1133,50,4,200
1988,1393,66.66666667,10,666.6666667
1988,1140,66.66666667,30,2000
1988,1396,65.55555556,17.33333333,1136.296296
1988,1150,50,6,300
1988,1151,83.33333333,85,7083.333333
1988,1165,80,107,8560
1988,1424,66.66666667,22,1466.666667
1988,1427,50,9,450
1988,1429,66.66666667,9,600
1988,1431,50,16,800
1988,1177,75,24,1800
1988,1435,75,35.5,2662.5
1988,1181,72.91666667,32,2333.333333
1988,1437,66.66666667,39.33333333,2622.222222
1988,1185,50,18,900
1988,1192,66.66666667,42,2800
1988,1196,66.66666667,28,1866.666667
1988,1455,50,21,1050
1988,1199,66.66666667,22,1466.666667
1988,1461,50,4,200
1988,1462,100,53,5300
1988,1207,75,57,4275
1988,1210,66.66666667,7,466.6666667
1988,1228,75,17,1275
1988,1231,66.66666667,7,466.6666667
1988,1234,65,55.5,3607.5
1988,1235,50,12,600
1988,1242,71,32.6,2314.6
1988,1243,72.22222222,38.66666667,2792.592593
1988,1246,62.5,13.5,843.75
1988,1247,75,24,1800
1988,1250,75,57,4275
1988,1257,66.66666667,45.5,3033.333333
1988,1258,75,53,3975
1988,1261,50,3,150
1988,1268,66.66666667,24,1600
1988,1272,66.66666667,42,2800
1988,1276,62.5,28,1750
1989,1281,62.5,23.5,1468.75
1989,1283,83.33333333,76,6333.333333
1989,1292,75,25,1875
1989,1301,62.5,15,937.5
1989,1314,75,34.5,2587.5
1989,1323,75,16,1200
1989,1328,62.5,17,1062.5
1989,1333,50,4,200
1989,1338,50,4,200
1989,1343,75,16,1200
1989,1344,75,25,1875
1989,1352,66.66666667,60,4000
1989,1353,50,14,700
1989,1354,80,53,4240
1989,1104,50,2,100
1989,1112,62.5,20.5,1281.25
1989,1114,66.66666667,14,933.3333333
1989,1371,74.33333333,36.2,2690.866667
1989,1116,66.66666667,14,933.3333333
1989,1373,66.66666667,24,1600
1989,1375,100,59,5900
1989,1376,66.66666667,21,1400
1989,1123,80,35,2800
1989,1380,66.66666667,21,1400
1989,1388,50,13,650
1989,1390,50,2,100
1989,1393,65.55555556,30.66666667,2010.37037
1989,1137,75,41,3075
1989,1397,50,16,800
1989,1400,66.66666667,35,2333.333333
1989,1155,66.66666667,60,4000
1989,1161,75,41,3075
1989,1417,66.66666667,21,1400
1989,1166,66.66666667,35,2333.333333
1989,1424,66.66666667,46.33333333,3088.888889
1989,1431,66.66666667,37,2466.666667
1989,1177,75,28,2100
1989,1435,50,16,800
1989,1181,68.75,33,2268.75
1989,1438,72.22222222,39,2816.666667
1989,1190,66.66666667,44,2933.333333
1989,1191,83.33333333,76,6333.333333
1989,1452,80,53,4240
1989,1196,50,22,1100
1989,1199,50,14,700
1989,1206,66.66666667,37,2466.666667
1989,1207,65.55555556,30,1966.666667
1989,1462,100,59,5900
1989,1210,50,6,300
1989,1225,75,28,2100
1989,1228,72.91666667,29.5,2151.041667
1989,1231,66.66666667,43.5,2900
1989,1234,66.66666667,21,1400
1989,1235,50,10,500
1989,1243,66.66666667,24,1600
1989,1247,50,9,450
1989,1256,66.66666667,44,2933.333333
1989,1257,65,27,1755
1989,1258,50,19,950
1989,1261,50,11,550
1989,1270,80,35,2800
1989,1272,50,3,150
1989,1276,71,31.8,2257.8
1989,1278,65,27.5,1787.5
1990,1281,50,3,150
1990,1283,66.66666667,15,1000
1990,1293,66.66666667,8,533.3333333
1990,1308,75,55,4125
1990,1314,65,20.5,1332.5
1990,1320,75,13,975
1990,1323,50,8,400
1990,1326,100,112,11200
1990,1328,66.66666667,15,1000
1990,1333,66.66666667,3,200
1990,1343,80,32,2560
1990,1344,50,1,50
1990,1345,75,26,1950
1990,1350,83.33333333,63,5250
1990,1352,50,8,400
1990,1104,62.5,33.5,2093.75
1990,1364,66.66666667,8,533.3333333
1990,1112,66.66666667,39,2600
1990,1114,100,112,11200
1990,1116,68.75,26.5,1821.875
1990,1378,50,12,600
1990,1123,75,65.5,4912.5
1990,1379,50,16,800
1990,1385,83.33333333,63,5250
1990,1131,75,45,3375
1990,1393,62.5,10.5,656.25
1990,1140,66.66666667,6,400
1990,1396,50,16,800
1990,1143,75,45,3375
1990,1400,65.55555556,18.33333333,1201.851852
1990,1406,50,9,450
1990,1155,62.5,30.5,1906.25
1990,1411,50,18,900
1990,1412,66.66666667,13,866.6666667
1990,1417,66.66666667,35.5,2366.666667
1990,1161,66.66666667,39,2600
1990,1163,66.66666667,23.66666667,1577.777778
1990,1419,50,12,600
1990,1164,66.66666667,24,1600
1990,1424,71,28.8,2044.8
1990,1173,80,32,2560
1990,1431,75,13,975
1990,1181,74.33333333,43.6,3240.933333
1990,1438,66.66666667,24,1600
1990,1437,50,7,350
1990,1190,80,22,1760
1990,1462,62.5,22,1375
1990,1207,66.66666667,11,733.3333333
1990,1208,75,26,1950
1990,1210,72.91666667,35,2552.083333
1990,1222,50,4,200
1990,1225,50,19,950
1990,1228,50,2,100
1990,1229,50,6,300
1990,1231,50,2,100
1990,1242,66.66666667,13,866.6666667
1990,1243,66.66666667,11,733.3333333
1990,1247,66.66666667,6,400
1990,1257,66.66666667,3,200
1990,1258,72.22222222,52.33333333,3779.62963
1990,1261,80,22,1760
1990,1276,75,55,4125
1990,1277,65,13,845
1990,1278,65.55555556,16.33333333,1070.740741
1991,1280,66.66666667,23,1533.333333
1991,1285,80,71,5680
1991,1293,66.66666667,18,1200
1991,1296,75,32,2400
1991,1301,66.66666667,22,1466.666667
1991,1304,50,5,250
1991,1307,66.66666667,22,1466.666667
1991,1308,50,8,400
1991,1309,83.33333333,53,4416.666667
1991,1314,68.75,29.25,2010.9375
1991,1318,80,79,6320
1991,1326,62.5,24.5,1531.25
1991,1329,62.5,34,2125
1991,1336,66.66666667,23,1533.333333
1991,1337,75,36,2700
1991,1338,83.33333333,53,4416.666667
1991,1343,50,2,100
1991,1345,75,39,2925
1991,1350,75,39,2925
1991,1353,50,3,150
1991,1104,62.5,38.5,2406.25
1991,1112,62.5,24.5,1531.25
1991,1113,75,71,5325
1991,1371,65.55555556,35.66666667,2338.148148
1991,1116,66.66666667,24.66666667,1644.444444
1991,1375,66.66666667,11,733.3333333
1991,1379,50,29,1450
1991,1384,66.66666667,28,1866.666667
1991,1385,72.22222222,35.66666667,2575.925926
1991,1389,50,8,400
1991,1393,50,4,200
1991,1140,66.66666667,28,1866.666667
1991,1396,65.55555556,35,2294.444444
1991,1400,75,32,2400
1991,1406,66.66666667,15,1000
1991,1157,66.66666667,32,2133.333333
1991,1417,50,5,250
1991,1163,75,44.5,3337.5
1991,1419,100,84,8400
1991,1166,75,36,2700
1991,1424,72.91666667,35.25,2570.3125
1991,1425,50,3,150
1991,1428,65,36.5,2372.5
1991,1177,50,17,850
1991,1435,50,10,500
1991,1181,71,38.4,2726.4
1991,1437,80,79,6320
1991,1438,50,13,650
1991,1185,65,42,2730
1991,1190,50,3,150
1991,1448,66.66666667,18,1200
1991,1453,50,2,100
1991,1199,66.66666667,32,2133.333333
1991,1462,66.66666667,33,2200
1991,1207,80,71,5680
1991,1208,50,8,400
1991,1209,75,71,5325
1991,1210,66.66666667,15,1000
1991,1231,66.66666667,28,1866.666667
1991,1234,100,84,8400
1991,1242,74.33333333,54.8,4073.466667
1991,1256,50,6,300
1991,1261,66.66666667,33,2200
1991,1277,66.66666667,11,733.3333333
1992,1281,66.66666667,19,1266.666667
1992,1283,50,7,350
1992,1285,66.66666667,20,1333.333333
1992,1290,75,57,4275
1992,1293,50,11,550
1992,1304,50,21,1050
1992,1308,62.5,23.5,1468.75
1992,1314,62.5,31,1937.5
1992,1326,66.66666667,21.66666667,1444.444444
1992,1328,50,4,200
1992,1329,66.66666667,17,1133.333333
1992,1330,75,37,2775
1992,1337,75,16,1200
1992,1343,50,8,400
1992,1352,75,43,3225
1992,1104,66.66666667,14,933.3333333
1992,1112,50,7,350
1992,1371,75,43,3225
1992,1116,75,16,1200
1992,1378,50,15,750
1992,1385,50,4,200
1992,1390,50,5,250
1992,1393,66.66666667,33,2200
1992,1140,50,11,550
1992,1396,83.33333333,30,2500
1992,1400,50,6,300
1992,1144,100,75,7500
1992,1150,50,2,100
1992,1408,66.66666667,43,2866.666667
1992,1153,68.75,16,1100
1992,1417,65.55555556,42,2753.333333
1992,1418,66.66666667,16,1066.666667
1992,1163,75,57,4275
1992,1419,50,30,1500
1992,1425,66.66666667,6,400
1992,1174,80,83,6640
1992,1431,65,58,3770
1992,1177,66.66666667,16,1066.666667
1992,1181,71,35.8,2541.8
1992,1183,80,87,6960
1992,1190,83.33333333,30,2500
1992,1191,66.66666667,11,733.3333333
1992,1448,50,23,1150
1992,1452,50,11,550
1992,1199,65,51,3315
1992,1200,66.66666667,33,2200
1992,1204,66.66666667,43,2866.666667
1992,1207,66.66666667,20,1333.333333
1992,1210,62.5,23,1437.5
1992,1222,66.66666667,6,400
1992,1224,50,33,1650
1992,1231,72.91666667,37.25,2716.145833
1992,1234,100,75,7500
1992,1235,75,37,2775
1992,1242,66.66666667,11,733.3333333
1992,1246,72.22222222,36.66666667,2648.148148
1992,1247,66.66666667,19,1266.666667
1992,1257,75,43,3225
1992,1261,80,87,6960
1992,1269,62.5,22.5,1406.25
1992,1272,65.55555556,33.33333333,2185.185185
1992,1275,66.66666667,14,933.3333333
1992,1276,74.33333333,53,3939.666667
1992,1277,80,83,6640
1993,1281,75,33,2475
1993,1304,50,14,700
1993,1307,66.66666667,24,1600
1993,1308,75,81,6075
1993,1309,50,18,900
1993,1314,71,46.4,3294.4
1993,1329,66.66666667,21,1400
1993,1335,50,4,200
1993,1338,50,21,1050
1993,1345,50,6,300
1993,1348,100,94,9400
1993,1351,80,124,9920
1993,1356,50,35,1750
1993,1365,75,33,2475
1993,1112,50,3,150
1993,1371,66.66666667,7,466.6666667
1993,1116,75,56,4200
1993,1374,50,9,450
1993,1123,80,59,4720
1993,1380,66.66666667,24,1600
1993,1385,66.66666667,36,2400
1993,1129,66.66666667,37,2466.666667
1993,1140,80,59,4720
1993,1396,66.66666667,30,2000
1993,1398,50,22,1100
1993,1143,65,47,3055
1993,1403,50,18,900
1993,1151,66.66666667,29,1933.333333
1993,1408,75,46,3450
1993,1153,72.22222222,45,3250
1993,1157,83.33333333,50,4166.666667
1993,1417,83.33333333,50,4166.666667
1993,1419,50,13,650
1993,1164,75,81,6075
1993,1428,80,124,9920
1993,1174,66.66666667,21,1400
1993,1435,62.5,18,1125
1993,1181,66.66666667,7,466.6666667
1993,1438,62.5,42.5,2656.25
1993,1443,62.5,34,2125
1993,1187,100,94,9400
1993,1191,75,46,3450
1993,1448,65,68.5,4452.5
1993,1199,65.55555556,44.33333333,2906.296296
1993,1203,66.66666667,32.5,2166.666667
1993,1460,75,59,4425
1993,1462,75,59,4425
1993,1210,50,15,750
1993,1221,66.66666667,36,2400
1993,1228,66.66666667,37,2466.666667
1993,1231,65.55555556,32.66666667,2141.481481
1993,1234,66.66666667,29,1933.333333
1993,1235,50,11,550
1993,1242,72.91666667,42.25,3080.729167
1993,1243,50,2,100
1993,1246,68.75,36.5,2509.375
1993,1253,50,3,150
1993,1257,62.5,35.5,2218.75
1993,1261,66.66666667,7,466.6666667
1993,1264,66.66666667,27,1800
1993,1266,50,12,600
1993,1269,66.66666667,27,1800
1993,1272,66.66666667,7,466.6666667
1993,1276,74.33333333,57.2,4251.866667
1994,1281,65.55555556,32.66666667,2141.481481
1994,1298,75,46,3450
1994,1299,100,67,6700
1994,1304,50,10,500
1994,1307,50,3,150
1994,1308,50,10,500
1994,1314,75,15,1125
1994,1325,66.66666667,21,1400
1994,1329,66.66666667,12,800
1994,1335,80,31,2480
1994,1337,75,16,1200
1994,1344,50,6,300
1994,1345,66.66666667,31,2066.666667
1994,1351,66.66666667,30,2000
1994,1356,50,14,700
1994,1104,75,46,3450
1994,1112,72.91666667,32.5,2369.791667
1994,1371,50,11,550
1994,1116,71,30.6,2172.6
1994,1129,66.66666667,14,933.3333333
1994,1130,65.55555556,24,1573.333333
1994,1387,66.66666667,16,1066.666667
1994,1393,62.5,25,1562.5
1994,1396,66.66666667,21,1400
1994,1398,50,13,650
1994,1143,50,4,200
1994,1400,75,16,1200
1994,1402,50,18,900
1994,1151,66.66666667,40,2666.666667
1994,1409,75,38.5,2887.5
1994,1153,50,8,400
1994,1411,83.33333333,47,3916.666667
1994,1412,50,5,250
1994,1158,50,10,500
1994,1416,75,46,3450
1994,1417,66.66666667,12,800
1994,1418,66.66666667,34,2266.666667
1994,1163,65,18,1170
1994,1180,50,22,1100
1994,1181,74.33333333,37.8,2809.8
1994,1438,80,71,5680
1994,1443,50,14,700
1994,1448,66.66666667,40,2666.666667
1994,1450,75,15,1125
1994,1196,68.75,25.5,1753.125
1994,1453,66.66666667,19,1266.666667
1994,1458,75,46,3450
1994,1203,66.66666667,30,2000
1994,1207,100,67,6700
1994,1218,66.66666667,19,1266.666667
1994,1228,50,7,350
1994,1231,62.5,18.5,1156.25
1994,1241,80,31,2480
1994,1242,62.5,28,1750
1994,1246,66.66666667,34,2266.666667
1994,1251,50,20,1000
1994,1257,65,42.5,2762.5
1994,1259,80,71,5680
1994,1266,66.66666667,30,2000
1994,1268,62.5,17,1062.5
1994,1269,66.66666667,16,1066.666667
1994,1276,72.22222222,32.33333333,2335.185185
1994,1277,83.33333333,47,3916.666667
1994,1278,66.66666667,14,933.3333333
1995,1280,75,49,3675
1995,1281,100,86,8600
1995,1291,75,92,6900
1995,1293,80,55,4400
1995,1299,66.66666667,37,2466.666667
1995,1311,75,39,2925
1995,1314,68.75,31,2131.25
1995,1328,50,10,500
1995,1329,72.91666667,48.25,3518.229167
1995,1330,66.66666667,18,1200
1995,1332,50,17,850
1995,1335,50,6,300
1995,1345,66.66666667,23,1533.333333
1995,1356,50,4,200
1995,1104,80,57,4560
1995,1365,66.66666667,22,1466.666667
1995,1112,50,9,450
1995,1113,62.5,51,3187.5
1995,1116,74.33333333,41.4,3077.4
1995,1123,66.66666667,25,1666.666667
1995,1387,66.66666667,37,2466.666667
1995,1389,75,64,4800
1995,1390,75,64,4800
1995,1393,83.33333333,22,1833.333333
1995,1396,50,6,300
1995,1140,50,6,300
1995,1400,66.66666667,38,2533.333333
1995,1150,50,2,100
1995,1151,75,44,3300
1995,1408,75,92,6900
1995,1153,75,44,3300
1995,1409,62.5,36,2250
1995,1411,83.33333333,22,1833.333333
1995,1159,66.66666667,19,1266.666667
1995,1417,71,30,2130
1995,1163,72.22222222,43.33333333,3129.62963
1995,1428,66.66666667,22,1466.666667
1995,1180,80,57,4560
1995,1437,50,8,400
1995,1438,66.66666667,16.66666667,1111.111111
1995,1443,66.66666667,19,1266.666667
1995,1448,65,30,1950
1995,1451,66.66666667,7,466.6666667
1995,1196,50,3,150
1995,1453,50,1,50
1995,1198,100,86,8600
1995,1462,66.66666667,7,466.6666667
1995,1207,65,31,2015
1995,1211,66.66666667,38,2533.333333
1995,1228,66.66666667,18,1200
1995,1231,50,5,250
1995,1235,80,55,4400
1995,1242,62.5,22.5,1406.25
1995,1246,65.55555556,28.66666667,1879.259259
1995,1253,50,12,600
1995,1257,66.66666667,23,1533.333333
1995,1264,66.66666667,25,1666.666667
1995,1268,62.5,30.5,1906.25
1995,1269,65.55555556,25.66666667,1682.592593
1995,1272,66.66666667,11.5,766.6666667
1995,1275,75,39,2925
1995,1276,50,6,300
1995,1277,50,7,350
1995,1278,50,3,150
1996,1280,68.75,29.25,2010.9375
1996,1284,50,24,1200
1996,1286,83.33333333,57,4750
1996,1290,75,56,4200
1996,1296,66.66666667,20,1333.333333
1996,1307,75,56,4200
1996,1309,50,21,1050
1996,1314,66.66666667,20,1333.333333
1996,1328,50,18,900
1996,1336,66.66666667,15,1000
1996,1339,50,34,1700
1996,1343,80,44,3520
1996,1345,66.66666667,14,933.3333333
1996,1354,75,66,4950
1996,1363,100,129,12900
1996,1365,75,66,4950
1996,1112,62.5,34,2125
1996,1116,65,45.5,2957.5
1996,1122,66.66666667,25,1666.666667
1996,1130,66.66666667,25,1666.666667
1996,1133,50,8,400
1996,1390,80,67,5360
1996,1393,74.33333333,53,3939.666667
1996,1396,75,35,2625
1996,1143,50,10,500
1996,1400,75,16,1200
1996,1145,66.66666667,35,2333.333333
1996,1403,62.5,38.5,2406.25
1996,1153,65.55555556,29,1901.111111
1996,1409,66.66666667,6,400
1996,1155,66.66666667,14,933.3333333
1996,1159,66.66666667,23,1533.333333
1996,1416,80,67,5360
1996,1417,50,2,100
1996,1163,65,29.5,1917.5
1996,1419,75,16,1200
1996,1422,75,35,2625
1996,1428,75,69.5,5212.5
1996,1433,80,44,3520
1996,1434,66.66666667,53,3533.333333
1996,1180,83.33333333,57,4750
1996,1437,66.66666667,6,400
1996,1181,50,15,750
1996,1439,100,129,12900
1996,1185,66.66666667,23,1533.333333
1996,1441,50,2,100
1996,1448,72.22222222,46.33333333,3346.296296
1996,1453,50,13,650
1996,1203,50,2,100
1996,1207,65.55555556,36,2360
1996,1208,66.66666667,29.5,1966.666667
1996,1210,62.5,24,1500
1996,1231,50,13,650
1996,1234,66.66666667,53,3533.333333
1996,1235,66.66666667,35,2333.333333
1996,1242,66.66666667,40.66666667,2711.111111
1996,1243,50,21,1050
1996,1246,71,37.6,2669.6
1996,1257,62.5,25,1562.5
1996,1266,66.66666667,15,1000
1996,1268,50,12,600
1996,1269,72.91666667,52,3791.666667
1996,1272,50,12,600
1996,1276,50,4,200
1997,1285,83.33333333,81,6750
1997,1293,50,3,150
1997,1298,75,38,2850
1997,1307,75,24,1800
1997,1314,72.91666667,21,1531.25
1997,1328,66.66666667,19,1266.666667
1997,1330,50,4,200
1997,1334,66.66666667,14,933.3333333
1997,1343,66.66666667,10,666.6666667
1997,1344,72.22222222,16.66666667,1203.703704
1997,1345,66.66666667,28,1866.666667
1997,1348,50,7,350
1997,1112,71,42.2,2996.2
1997,1375,100,32,3200
1997,1376,50,13,650
1997,1130,66.66666667,14,933.3333333
1997,1386,66.66666667,44,2933.333333
1997,1131,50,29,1450
1997,1388,50,22,1100
1997,1390,62.5,30,1875
1997,1139,50,17,850
1997,1396,80,65,5200
1997,1143,65,32,2080
1997,1400,62.5,18.5,1156.25
1997,1402,80,65,5200
1997,1149,75,48,3600
1997,1150,75,38,2850
1997,1151,62.5,26,1625
1997,1153,66.66666667,13,866.6666667
1997,1409,66.66666667,18,1200
1997,1155,65,47,3055
1997,1158,100,32,3200
1997,1160,80,54,4320
1997,1417,65.55555556,30,1966.666667
1997,1164,66.66666667,14,933.3333333
1997,1425,50,13,650
1997,1428,66.66666667,37.33333333,2488.888889
1997,1434,50,7,350
1997,1435,50,12,600
1997,1437,66.66666667,10,666.6666667
1997,1181,75,39,2925
1997,1438,50,13,650
1997,1448,66.66666667,19,1266.666667
1997,1193,80,54,4320
1997,1458,66.66666667,14,933.3333333
1997,1462,75,48,3600
1997,1207,50,12,600
1997,1208,66.66666667,15,1000
1997,1228,66.66666667,15,1000
1997,1229,66.66666667,13,866.6666667
1997,1231,50,18,900
1997,1234,83.33333333,81,6750
1997,1235,62.5,32.5,2031.25
1997,1238,66.66666667,28,1866.666667
1997,1242,75,19.5,1462.5
1997,1246,74.33333333,32.4,2408.4
1997,1254,50,10,500
1997,1257,65.55555556,24,1573.333333
1997,1266,75,39,2925
1997,1268,50,9,450
1997,1269,75,24,1800
1997,1275,66.66666667,18,1200
1997,1278,68.75,42.25,2904.6875
1997,1279,50,22,1100
1998,1293,75,34,2550
1998,1298,80,72,5760
1998,1304,50,9,450
1998,1307,66.66666667,12,800
1998,1311,75,80,6000
1998,1314,68.75,27.5,1890.625
1998,1319,50,3,150
1998,1328,50,7,350
1998,1329,75,55,4125
1998,1341,50,58,2900
1998,1343,66.66666667,19,1266.666667
1998,1345,65,20,1300
1998,1347,75,55,4125
1998,1348,65.55555556,34.33333333,2250.740741
1998,1350,66.66666667,16,1066.666667
1998,1354,100,80,8000
1998,1362,83.33333333,57,4750
1998,1112,66.66666667,26,1733.333333
1998,1116,83.33333333,57,4750
1998,1375,50,13,650
1998,1376,50,1,50
1998,1385,50,2,100
1998,1387,100,80,8000
1998,1390,72.91666667,42.75,3117.1875
1998,1393,62.5,36,2250
1998,1395,50,9,450
1998,1396,66.66666667,31,2066.666667
1998,1397,50,1,50
1998,1139,50,17,850
1998,1150,80,72,5760
1998,1153,66.66666667,31,2066.666667
1998,1155,50,3,150
1998,1158,80,38,3040
1998,1417,75,49.5,3712.5
1998,1163,65.55555556,31.66666667,2075.925926
1998,1424,50,12,600
1998,1428,74.33333333,54.4,4043.733333
1998,1172,50,19,950
1998,1429,66.66666667,20,1333.333333
1998,1174,66.66666667,54,3600
1998,1178,66.66666667,54,3600
1998,1434,62.5,21.5,1343.75
1998,1181,72.22222222,35.66666667,2575.925926
1998,1185,66.66666667,19,1266.666667
1998,1444,80,38,3040
1998,1192,75,19,1425
1998,1449,62.5,10,625
1998,1452,66.66666667,30,2000
1998,1199,66.66666667,7,466.6666667
1998,1203,50,15,750
1998,1462,66.66666667,16,1066.666667
1998,1227,50,15,750
1998,1228,66.66666667,20,1333.333333
1998,1229,75,80,6000
1998,1231,75,19,1425
1998,1233,66.66666667,12,800
1998,1242,75,34,2550
1998,1246,71,32.2,2286.2
1998,1268,62.5,46.5,2906.25
1998,1269,50,5,250
1998,1274,66.66666667,6,400
1998,1276,66.66666667,6,400
1998,1277,65,42,2730
1998,1279,66.66666667,7,466.6666667
1999,1281,50,2,100
1999,1283,66.66666667,68,4533.333333
1999,1291,80,46,3680
1999,1293,80,56,4480
1999,1307,100,71,7100
1999,1308,75,41,3075
1999,1314,50,2,100
1999,1326,72.91666667,46.25,3372.395833
1999,1328,65,28.5,1852.5
1999,1329,66.66666667,46,3066.666667
1999,1335,66.66666667,22,1466.666667
1999,1345,62.5,30,1875
1999,1348,50,11,550
1999,1359,75,65,4875
1999,1108,50,12,600
1999,1112,66.66666667,14,933.3333333
1999,1116,66.66666667,23,1533.333333
1999,1373,50,14,700
1999,1117,50,22,1100
1999,1120,65,32,2080
1999,1385,65.55555556,36.66666667,2403.703704
1999,1390,75,21,1575
1999,1393,50,8,400
1999,1396,66.66666667,54.66666667,3644.444444
1999,1397,66.66666667,41,2733.333333
1999,1400,66.66666667,14,933.3333333
1999,1150,66.66666667,14,933.3333333
1999,1153,75,39,2925
1999,1409,83.33333333,126,10500
1999,1412,66.66666667,23,1533.333333
1999,1158,50,9,450
1999,1417,50,3,150
1999,1163,71,45.6,3237.6
1999,1166,66.66666667,34,2266.666667
1999,1427,100,71,7100
1999,1428,66.66666667,9,600
1999,1174,50,10,500
1999,1178,80,56,4480
1999,1434,66.66666667,34,2266.666667
1999,1181,74.33333333,41.2,3062.533333
1999,1437,50,2,100
1999,1191,50,21,1050
1999,1449,66.66666667,9,600
1999,1451,66.66666667,22,1466.666667
1999,1196,62.5,11.5,718.75
1999,1197,83.33333333,126,10500
1999,1457,66.66666667,46,3066.666667
1999,1458,66.66666667,41,2733.333333
1999,1203,50,20,1000
1999,1206,50,24,1200
1999,1211,72.22222222,35,2527.777778
1999,1231,75,65,4875
1999,1234,75,42.5,3187.5
1999,1242,75,41,3075
1999,1245,75,39,2925
1999,1246,65.55555556,25.33333333,1660.740741
1999,1248,50,21,1050
1999,1257,50,4,200
1999,1268,62.5,34.5,2156.25
1999,1274,66.66666667,14,933.3333333
1999,1275,62.5,31.5,1968.75
1999,1277,68.75,45.75,3145.3125
1999,1278,75,21,1575
1999,1279,80,46,3680
2000,1281,80,30,2400
2000,1314,68.75,33.25,2285.9375
2000,1319,50,5,250
2000,1326,66.66666667,17,1133.333333
2000,1328,75,14,1050
2000,1329,66.66666667,24.66666667,1644.444444
2000,1332,66.66666667,3,200
2000,1335,50,10,500
2000,1337,75,30,2250
2000,1345,65.55555556,25,1638.888889
2000,1354,50,19,950
2000,1359,66.66666667,16,1066.666667
2000,1111,50,26,1300
2000,1112,80,34,2720
2000,1369,66.66666667,8,533.3333333
2000,1371,62.5,28,1750
2000,1116,66.66666667,17,1133.333333
2000,1120,75,53,3975
2000,1123,66.66666667,43,2866.666667
2000,1382,50,5,250
2000,1385,66.66666667,17,1133.333333
2000,1387,50,3,150
2000,1390,80,30,2400
2000,1393,75,48.5,3637.5
2000,1139,83.33333333,51,4250
2000,1396,66.66666667,3,200
2000,1397,65,19,1235
2000,1400,66.66666667,8,533.3333333
2000,1148,75,53,3975
2000,1153,75,44,3300
2000,1409,65.55555556,21.33333333,1398.518519
2000,1417,62.5,34,2125
2000,1418,66.66666667,19,1266.666667
2000,1163,66.66666667,19,1266.666667
2000,1166,50,3,150
2000,1423,50,17,850
2000,1424,75,44,3300
2000,1428,100,92,9200
2000,1173,75,14,1050
2000,1429,50,8,400
2000,1177,50,4,200
2000,1434,100,92,9200
2000,1181,66.66666667,27.5,1833.333333
2000,1196,74.33333333,38.8,2884.133333
2000,1457,50,24,1200
2000,1458,72.91666667,34.5,2515.625
2000,1201,80,34,2720
2000,1211,62.5,9.5,593.75
2000,1220,75,30,2250
2000,1228,83.33333333,51,4250
2000,1231,50,20,1000
2000,1232,50,16,800
2000,1233,50,15,750
2000,1235,72.22222222,46,3322.222222
2000,1238,50,24,1200
2000,1242,66.66666667,32,2133.333333
2000,1246,66.66666667,16,1066.666667
2000,1248,50,26,1300
2000,1249,66.66666667,32,2133.333333
2000,1257,66.66666667,17,1133.333333
2000,1261,65,25,1625
2000,1268,66.66666667,43,2866.666667
2000,1274,62.5,35,2187.5
2000,1277,71,31.4,2229.4
2001,1281,100,100,10000
2001,1284,100,100,10000
2001,1314,66.66666667,18,1200
2001,1322,75,76,5700
2001,1323,66.66666667,5,333.3333333
2001,1326,50,9,450
2001,1328,50,2,100
2001,1329,75,22,1650
2001,1336,62.5,34.5,2156.25
2001,1343,50,22,1100
2001,1344,66.66666667,18,1200
2001,1106,80,72,5760
2001,1112,74.33333333,53.8,3999.133333
2001,1116,66.66666667,21,1400
2001,1381,50,3,150
2001,1130,75,22,1650
2001,1386,75,49,3675
2001,1390,65.55555556,32.66666667,2141.481481
2001,1393,66.66666667,53,3533.333333
2001,1139,83.33333333,81,6750
2001,1396,65.55555556,34.33333333,2250.740741
2001,1140,66.66666667,48,3200
2001,1397,50,7,350
2001,1143,50,12,600
2001,1400,75,47,3525
2001,1150,75,76,5700
2001,1153,62.5,26.5,1656.25
2001,1417,75,54.5,4087.5
2001,1166,50,13,650
2001,1422,75,49,3675
2001,1425,72.22222222,40,2888.888889
2001,1169,66.66666667,53,3533.333333
2001,1429,66.66666667,38,2533.333333
2001,1181,71,37.8,2683.8
2001,1438,66.66666667,18,1200
2001,1183,83.33333333,81,6750
2001,1443,50,13,650
2001,1448,50,16,800
2001,1196,75,47,3525
2001,1201,80,72,5760
2001,1457,50,4,200
2001,1458,50,1,50
2001,1206,80,46,3680
2001,1207,65,23.5,1527.5
2001,1462,50,12,600
2001,1209,80,46,3680
2001,1208,50,2,100
2001,1211,65,37,2405
2001,1210,50,4,200
2001,1214,66.66666667,21,1400
2001,1218,50,10,500
2001,1220,66.66666667,38,2533.333333
2001,1221,66.66666667,17,1133.333333
2001,1228,62.5,36.25,2265.625
2001,1231,50,4,200
2001,1232,66.66666667,18,1200
2001,1233,66.66666667,5,333.3333333
2001,1234,66.66666667,17,1133.333333
2001,1235,50,1,50
2001,1242,62.5,43,2687.5
2001,1245,66.66666667,48,3200
2001,1246,62.5,17.5,1093.75
2001,1268,72.91666667,42.75,3117.1875
2001,1277,68.75,39.5,2715.625
2001,1279,66.66666667,46.5,3100
2002,1280,66.66666667,17,1133.333333
2002,1281,65.55555556,26.33333333,1726.296296
2002,1285,75,26,1950
2002,1293,50,17,850
2002,1301,75,26,1950
2002,1323,66.66666667,54,3600
2002,1326,75,38,2850
2002,1328,68.75,28.25,1942.1875
2002,1329,75,26,1950
2002,1332,65.55555556,27.33333333,1791.851852
2002,1335,50,7,350
2002,1337,50,9,450
2002,1338,62.5,16.5,1031.25
2002,1356,62.5,21.5,1343.75
2002,1104,75,26,1950
2002,1361,66.66666667,41,2733.333333
2002,1108,50,4,200
2002,1364,66.66666667,13,866.6666667
2002,1112,65,27.5,1787.5
2002,1373,100,84,8400
2002,1385,50,10,500
2002,1130,66.66666667,17,1133.333333
2002,1131,50,38,1900
2002,1390,80,56,4480
2002,1143,66.66666667,30,2000
2002,1400,62.5,19,1187.5
2002,1403,66.66666667,10,666.6666667
2002,1148,66.66666667,30,2000
2002,1150,50,19,950
2002,1409,66.66666667,20,1333.333333
2002,1153,66.66666667,26,1733.333333
2002,1417,62.5,38,2375
2002,1163,72.22222222,35,2527.777778
2002,1166,66.66666667,41,2733.333333
2002,1423,83.33333333,50,4166.666667
2002,1425,50,4,200
2002,1428,83.33333333,50,4166.666667
2002,1172,50,5,250
2002,1434,66.66666667,20,1333.333333
2002,1181,66.66666667,34.5,2300
2002,1443,50,16,800
2002,1448,75,26,1950
2002,1194,50,8,400
2002,1196,50,1,50
2002,1457,66.66666667,54,3600
2002,1458,100,84,8400
2002,1461,66.66666667,13,866.6666667
2002,1462,80,48,3840
2002,1208,66.66666667,10,666.6666667
2002,1211,50,7,350
2002,1214,75,26,1950
2002,1218,50,12,600
2002,1221,80,56,4480
2002,1227,80,48,3840
2002,1228,65,28.5,1852.5
2002,1231,74.33333333,43.2,3211.2
2002,1242,72.91666667,41.75,3044.270833
2002,1245,66.66666667,29.33333333,1955.555556
2002,1246,75,43,3225
2002,1266,50,2,100
2002,1268,67.5,27.66666667,1867.5
2002,1270,50,12,600
2002,1274,75,38,2850
2002,1277,50,11,550
2002,1279,66.66666667,26,1733.333333
2003,1280,66.66666667,9,600
2003,1281,80,30,2400
2003,1301,50,2,100
2003,1323,62.5,26,1625
2003,1328,72.22222222,21.66666667,1564.814815
2003,1329,100,54,5400
2003,1332,50,2,100
2003,1335,50,14,700
2003,1338,65,17.5,1137.5
2003,1345,80,44,3520
2003,1354,75,37,2775
2003,1356,50,1,50
2003,1358,50,30,1500
2003,1360,50,8,400
2003,1104,50,5,250
2003,1112,66.66666667,29.66666667,1977.777778
2003,1113,83.33333333,75,6250
2003,1120,75,28.5,2137.5
2003,1122,50,22,1100
2003,1386,66.66666667,8,533.3333333
2003,1390,66.66666667,16,1066.666667
2003,1393,71,35.6,2527.6
2003,1139,62.5,29.5,1843.75
2003,1140,66.66666667,16,1066.666667
2003,1141,66.66666667,36,2400
2003,1143,75,37,2775
2003,1400,68.33333333,28.2,1927
2003,1407,50,12,600
2003,1409,66.66666667,8,533.3333333
2003,1153,50,5,250
2003,1411,50,8,400
2003,1160,75,39,2925
2003,1161,66.66666667,36,2400
2003,1163,65,26,1690
2003,1421,80,44,3520
2003,1166,50,6,300
2003,1423,66.66666667,15,1000
2003,1428,75,57,4275
2003,1429,83.33333333,75,6250
2003,1173,50,13,650
2003,1436,75,47,3525
2003,1181,66.66666667,40.5,2700
2003,1443,50,5,250
2003,1190,50,3,150
2003,1447,66.66666667,48,3200
2003,1448,66.66666667,8,533.3333333
2003,1451,66.66666667,8,533.3333333
2003,1196,75,39,2925
2003,1454,66.66666667,9,600
2003,1458,62.5,35,2187.5
2003,1462,66.66666667,15,1000
2003,1211,75,47,3525
2003,1221,80,30,2400
2003,1228,66.66666667,9,600
2003,1231,66.66666667,48,3200
2003,1237,75,57,4275
2003,1242,74.33333333,36,2676
2003,1246,65.55555556,13.33333333,874.0740741
2003,1257,66.66666667,9,600
2003,1261,50,24,1200
2003,1264,100,54,5400
2003,1266,68.75,45.25,3110.9375
2003,1268,62.5,25.5,1593.75
2003,1272,50,13,650
2003,1277,65.55555556,29.66666667,1944.814815
2004,1280,75,33,2475
2004,1284,50,33,1650
2004,1293,66.66666667,43,2866.666667
2004,1301,66.66666667,15,1000
2004,1305,66.66666667,25,1666.666667
2004,1314,66.66666667,20,1333.333333
2004,1320,83.33333333,23,1916.666667
2004,1329,68.75,20,1375
2004,1334,75,66,4950
2004,1338,65,31,2015
2004,1343,66.66666667,20,1333.333333
2004,1344,50,8,400
2004,1350,50,12,600
2004,1356,75,13,975
2004,1102,50,11,550
2004,1104,72.22222222,37.66666667,2720.37037
2004,1106,80,76,6080
2004,1112,50,4,200
2004,1371,80,76,6080
2004,1376,50,16,800
2004,1386,65.55555556,19.33333333,1267.407407
2004,1130,83.33333333,23,1916.666667
2004,1390,75,13,975
2004,1393,62.5,8,500
2004,1140,66.66666667,7,466.6666667
2004,1400,62.5,22,1375
2004,1403,75,28,2100
2004,1150,50,3,150
2004,1153,66.66666667,43,2866.666667
2004,1412,62.5,43,2687.5
2004,1416,66.66666667,13,866.6666667
2004,1418,50,9,450
2004,1163,71,26.8,1902.8
2004,1427,50,26,1300
2004,1428,50,7,350
2004,1173,50,7,350
2004,1431,50,3,150
2004,1177,100,80,8000
2004,1433,66.66666667,5,333.3333333
2004,1435,75,44.5,3337.5
2004,1434,50,27,1350
2004,1181,72.91666667,40,2916.666667
2004,1436,100,80,8000
2004,1186,80,50,4000
2004,1444,66.66666667,15,1000
2004,1190,50,3,150
2004,1448,62.5,21.5,1343.75
2004,1449,66.66666667,3,200
2004,1196,50,15,750
2004,1197,50,20,1000
2004,1458,66.66666667,13,866.6666667
2004,1462,65.55555556,43,2818.888889
2004,1210,74.33333333,45.6,3389.6
2004,1211,66.66666667,25,1666.666667
2004,1227,75,66,4950
2004,1228,65,39.5,2567.5
2004,1242,66.66666667,11.33333333,755.5555556
2004,1246,58.33333333,9,525
2004,1250,50,15,750
2004,1251,75,28,2100
2004,1257,75,33,2475
2004,1264,66.66666667,5,333.3333333
2004,1268,66.66666667,7,466.6666667
2004,1272,80,50,4000
2004,1277,66.66666667,25,1666.666667
2005,1280,66.66666667,19,1266.666667
2005,1285,66.66666667,29,1933.333333
2005,1301,62.5,14.5,906.25
2005,1305,83.33333333,54,4500
2005,1307,66.66666667,19,1266.666667
2005,1310,50,17,850
2005,1314,67.5,25.33333333,1710
2005,1320,75,23,1725
2005,1324,100,83,8300
2005,1325,50,5,250
2005,1328,66.66666667,15,1000
2005,1329,62.5,22.5,1406.25
2005,1330,80,35,2800
2005,1334,66.66666667,29,1933.333333
2005,1335,50,20,1000
2005,1338,50,8,400
2005,1356,66.66666667,21,1400
2005,1104,66.66666667,18,1200
2005,1105,50,10,500
2005,1112,66.66666667,29.66666667,1977.777778
2005,1368,66.66666667,21,1400
2005,1130,66.66666667,18,1200
2005,1388,50,9,450
2005,1390,50,23,1150
2005,1137,75,23,1725
2005,1393,50,3,150
2005,1400,50,4,200
2005,1403,62.5,11.5,718.75
2005,1150,66.66666667,15,1000
2005,1151,50,16,800
2005,1153,75,27,2025
2005,1412,75,36,2700
2005,1416,50,6,300
2005,1417,66.66666667,14,933.3333333
2005,1418,80,50,4000
2005,1163,66.66666667,15,1000
2005,1166,75,13,975
2005,1428,62.5,22,1375
2005,1429,75,36,2700
2005,1431,66.66666667,15,1000
2005,1175,66.66666667,19,1266.666667
2005,1436,80,35,2800
2005,1181,65,29,1885
2005,1437,75,44,3300
2005,1184,75,27,2025
2005,1448,75,13,975
2005,1449,65,29,1885
2005,1192,83.33333333,54,4500
2005,1452,65.55555556,26.66666667,1748.148148
2005,1196,66.66666667,19,1266.666667
2005,1454,66.66666667,37,2466.666667
2005,1457,50,10,500
2005,1458,72.22222222,33,2383.333333
2005,1203,50,12,600
2005,1210,80,50,4000
2005,1211,66.66666667,14,933.3333333
2005,1228,74.33333333,38.2,2839.533333
2005,1234,50,12,600
2005,1235,100,83,8300
2005,1242,50,1,50
2005,1246,65.55555556,20.66666667,1354.814815
2005,1257,68.75,27,1856.25
2005,1261,50,14,700
2005,1277,72.91666667,33,2406.25
2005,1278,50,11,550
2006,1284,75,18,1350
2006,1285,66.66666667,25,1666.666667
2006,1293,50,4,200
2006,1301,75,32,2400
2006,1305,50,8,400
2006,1314,80,25,2000
2006,1320,66.66666667,23,1533.333333
2006,1322,66.66666667,31,2066.666667
2006,1326,66.66666667,23,1533.333333
2006,1328,50,8,400
2006,1331,75,48,3600
2006,1334,66.66666667,25,1666.666667
2006,1335,75,32,2400
2006,1338,66.66666667,10,666.6666667
2006,1356,66.66666667,31,2066.666667
2006,1102,50,9,450
2006,1104,83.33333333,58,4833.333333
2006,1361,50,4,200
2006,1107,75,23,1725
2006,1112,75,18,1350
2006,1371,66.66666667,27,1800
2006,1116,50,4,200
2006,1375,100,96,9600
2006,1380,66.66666667,29,1933.333333
2006,1125,83.33333333,58,4833.333333
2006,1130,62.5,13,812.5
2006,1133,62.5,31.5,1968.75
2006,1137,75,48,3600
2006,1393,50,8,400
2006,1397,66.66666667,27,1800
2006,1143,50,6,300
2006,1400,65.55555556,24,1573.333333
2006,1401,80,35,2800
2006,1412,50,5,250
2006,1417,74.33333333,39.6,2943.6
2006,1163,65.55555556,15.66666667,1027.037037
2006,1423,50,3,150
2006,1172,50,8,400
2006,1429,66.66666667,17,1133.333333
2006,1181,65,19,1235
2006,1437,66.66666667,40.5,2700
2006,1449,62.5,16,1000
2006,1196,71,26.4,1874.4
2006,1452,62.5,16.5,1031.25
2006,1454,100,96,9600
2006,1455,65,13.5,877.5
2006,1457,50,2,100
2006,1458,50,19,950
2006,1203,66.66666667,29,1933.333333
2006,1206,72.91666667,37.5,2734.375
2006,1207,75,52,3900
2006,1462,66.66666667,14,933.3333333
2006,1211,66.66666667,31,2066.666667
2006,1214,50,22,1100
2006,1228,66.66666667,17,1133.333333
2006,1231,66.66666667,14,933.3333333
2006,1233,80,35,2800
2006,1234,50,1,50
2006,1242,66.66666667,10,666.6666667
2006,1245,50,15,750
2006,1246,75,23,1725
2006,1261,68.75,31.75,2182.8125
2006,1266,50,5,250
2006,1272,66.66666667,24,1600
2006,1277,80,25,2000
2007,1305,75,32,2400
2007,1308,50,12,600
2007,1310,75,55,4125
2007,1314,65.55555556,31,2032.222222
2007,1317,75,32,2400
2007,1323,50,10,500
2007,1326,74.33333333,40.4,3003.066667
2007,1330,66.66666667,14,933.3333333
2007,1331,50,16,800
2007,1332,72.22222222,35,2527.777778
2007,1335,66.66666667,19,1266.666667
2007,1338,65,28.5,1852.5
2007,1345,100,85,8500
2007,1356,62.5,28.5,1781.25
2007,1107,50,27,1350
2007,1112,50,9,450
2007,1116,66.66666667,36,2400
2007,1125,80,45,3600
2007,1130,80,45,3600
2007,1390,50,20,1000
2007,1394,50,13,650
2007,1139,75,48.5,3637.5
2007,1140,50,2,100
2007,1397,66.66666667,39.5,2633.333333
2007,1400,66.66666667,36,2400
2007,1401,62.5,26,1625
2007,1403,50,9,450
2007,1148,83.33333333,52,4333.333333
2007,1417,72.91666667,44.75,3263.020833
2007,1166,50,6,300
2007,1424,62.5,16.5,1031.25
2007,1425,62.5,28.5,1781.25
2007,1172,50,12,600
2007,1433,66.66666667,26,1733.333333
2007,1435,65,30.5,1982.5
2007,1181,50,2,100
2007,1438,66.66666667,38,2533.333333
2007,1439,66.66666667,25,1666.666667
2007,1437,50,9,450
2007,1184,75,45,3375
2007,1450,66.66666667,37,2466.666667
2007,1451,80,55,4400
2007,1196,71,30,2130
2007,1197,50,8,400
2007,1457,75,20,1500
2007,1458,66.66666667,10,666.6666667
2007,1203,66.66666667,37,2466.666667
2007,1460,66.66666667,26,1733.333333
2007,1462,83.33333333,52,4333.333333
2007,1207,68.75,35.75,2457.8125
2007,1210,66.66666667,10,666.6666667
2007,1211,50,13,650
2007,1221,66.66666667,25,1666.666667
2007,1228,50,2,100
2007,1231,80,55,4400
2007,1238,100,85,8500
2007,1242,61.66666667,24.25,1495.416667
2007,1246,75,55,4125
2007,1253,66.66666667,38,2533.333333
2007,1257,66.66666667,19,1266.666667
2007,1266,50,12,600
2007,1268,66.66666667,14,933.3333333
2007,1272,66.66666667,25.66666667,1711.111111
2007,1275,75,20,1500
2007,1277,75,45,3375
2008,1280,83.33333333,78,6500
2008,1290,80,72,5760
2008,1291,80,101,8080
2008,1314,68.33333333,45.2,3088.666667
2008,1323,66.66666667,51,3400
2008,1328,75,67,5025
2008,1331,50,19,950
2008,1332,50,7,350
2008,1338,66.66666667,22,1466.666667
2008,1340,100,85,8500
2008,1345,75,23,1725
2008,1360,66.66666667,11,733.3333333
2008,1110,66.66666667,20,1333.333333
2008,1112,66.66666667,16,1066.666667
2008,1116,80,101,8080
2008,1373,66.66666667,18,1200
2008,1375,50,20,1000
2008,1122,75,43,3225
2008,1124,50,11,550
2008,1125,50,1,50
2008,1129,75,67,5025
2008,1386,50,8,400
2008,1388,50,14,700
2008,1390,62.5,25.5,1593.75
2008,1139,66.66666667,20,1333.333333
2008,1396,66.66666667,22,1466.666667
2008,1397,62.5,43.5,2718.75
2008,1140,50,5,250
2008,1400,66.66666667,39,2600
2008,1401,80,72,5760
2008,1155,66.66666667,18,1200
2008,1417,68.75,29.25,2010.9375
2008,1163,50,1,50
2008,1164,50,9,450
2008,1165,66.66666667,25,1666.666667
2008,1420,50,19,950
2008,1424,100,85,8500
2008,1168,66.66666667,32,2133.333333
2008,1425,50,13,650
2008,1426,83.33333333,78,6500
2008,1172,72.22222222,45.33333333,3274.074074
2008,1435,50,21,1050
2008,1179,66.66666667,11,733.3333333
2008,1181,66.66666667,16,1066.666667
2008,1437,75,53,3975
2008,1443,65,36.5,2372.5
2008,1450,65,59.5,3867.5
2008,1452,62.5,12,750
2008,1457,66.66666667,51,3400
2008,1458,62.5,20,1250
2008,1462,65.55555556,33,2163.333333
2008,1207,75,27,2025
2008,1206,50,18,900
2008,1208,75,23,1725
2008,1211,75,27,2025
2008,1231,50,14,700
2008,1242,71,47.4,3365.4
2008,1243,66.66666667,32,2133.333333
2008,1245,50,13,650
2008,1246,50,8,400
2008,1257,65.55555556,43,2818.888889
2008,1266,66.66666667,25,1666.666667
2008,1272,74.33333333,45.8,3404.466667
2008,1274,75,43,3225
2008,1277,66.66666667,48.5,3233.333333
2009,1280,50,13,650
2009,1281,65.55555556,44,2884.444444
2009,1287,75,66,4950
2009,1288,75,51,3825
2009,1295,66.66666667,27,1800
2009,1314,71,34.8,2470.8
2009,1320,66.66666667,7,466.6666667
2009,1326,50,2,100
2009,1328,72.22222222,50,3611.111111
2009,1329,75,23,1725
2009,1338,65.55555556,29.66666667,1944.814815
2009,1340,66.66666667,29,1933.333333
2009,1345,65,57,3705
2009,1347,100,121,12100
2009,1352,83.33333333,46,3833.333333
2009,1103,66.66666667,15,1000
2009,1106,50,15,750
2009,1110,80,58,4640
2009,1112,62.5,40.5,2531.25
2009,1113,66.66666667,26,1733.333333
2009,1372,66.66666667,26,1733.333333
2009,1373,75,66,4950
2009,1127,66.66666667,29,1933.333333
2009,1130,50,17,850
2009,1393,62.5,30,1875
2009,1139,50,4,200
2009,1140,50,13,650
2009,1396,50,9,450
2009,1397,50,2,100
2009,1143,50,13,650
2009,1400,66.66666667,29,1933.333333
2009,1401,80,101,8080
2009,1151,80,101,8080
2009,1155,50,3,150
2009,1156,66.66666667,27,1800
2009,1417,80,58,4640
2009,1163,68.75,25,1718.75
2009,1165,75,34,2550
2009,1425,83.33333333,46,3833.333333
2009,1169,66.66666667,30,2000
2009,1428,66.66666667,27,1800
2009,1173,66.66666667,27,1800
2009,1429,50,1,50
2009,1433,50,1,50
2009,1181,65,36,2340
2009,1437,72.91666667,43.5,3171.875
2009,1443,66.66666667,15,1000
2009,1190,75,23,1725
2009,1448,50,15,750
2009,1449,66.66666667,7,466.6666667
2009,1452,50,8,400
2009,1199,50,2,100
2009,1458,66.66666667,29,1933.333333
2009,1462,62.5,12.5,781.25
2009,1211,75,62.5,4687.5
2009,1228,50,4,200
2009,1242,66.66666667,27,1800
2009,1257,62.5,22.5,1406.25
2009,1261,100,121,12100
2009,1266,75,34,2550
2009,1268,66.66666667,30,2000
2009,1272,62.5,23.5,1468.75
2009,1276,75,51,3825
2009,1277,74.33333333,66.4,4935.733333
2009,1278,50,14,700
2010,1281,80,56,4480
2010,1285,50,5,250
2010,1288,80,56,4480
2010,1293,83.33333333,33,2750
2010,1307,66.66666667,20,1333.333333
2010,1308,80,13,1040
2010,1317,75,37,2775
2010,1320,65,14.5,942.5
2010,1323,50,1,50
2010,1324,50,23,1150
2010,1325,75,21,1575
2010,1326,62.5,13,812.5
2010,1329,50,5,250
2010,1330,75,40,3000
2010,1338,66.66666667,14,933.3333333
2010,1345,75,51.5,3862.5
2010,1350,66.66666667,16,1066.666667
2010,1352,50,3,150
2010,1358,75,40,3000
2010,1361,75,21,1575
2010,1364,66.66666667,26,1733.333333
2010,1115,100,87,8700
2010,1373,66.66666667,10,666.6666667
2010,1124,72.22222222,34.66666667,2503.703704
2010,1388,62.5,21.5,1343.75
2010,1393,66.66666667,20,1333.333333
2010,1139,74.33333333,36.6,2720.6
2010,1140,75,37,2775
2010,1397,65.55555556,17.66666667,1158.148148
2010,1396,66.66666667,31,2066.666667
2010,1143,100,87,8700
2010,1400,50,1,50
2010,1401,66.66666667,10,666.6666667
2010,1155,50,8,400
2010,1165,62.5,40,2500
2010,1424,66.66666667,5,333.3333333
2010,1429,50,16,800
2010,1431,83.33333333,33,2750
2010,1435,50,1,50
2010,1436,66.66666667,45,3000
2010,1437,66.66666667,16,1066.666667
2010,1181,67.5,28.5,1923.75
2010,1190,75,76,5700
2010,1448,75,76,5700
2010,1449,65,30.5,1982.5
2010,1452,72.91666667,47.75,3481.770833
2010,1196,50,7,350
2010,1199,50,7,350
2010,1457,50,17,850
2010,1458,66.66666667,31,2066.666667
2010,1459,50,4,200
2010,1462,62.5,30,1875
2010,1207,50,14,700
2010,1210,66.66666667,26,1733.333333
2010,1211,66.66666667,45,3000
2010,1222,50,12,600
2010,1242,66.66666667,5,333.3333333
2010,1243,66.66666667,18,1200
2010,1246,65.55555556,29.33333333,1922.962963
2010,1250,50,16,800
2010,1257,50,15,750
2010,1266,66.66666667,20,1333.333333
2010,1268,80,13,1040
2010,1277,68.75,17.75,1220.3125
2010,1278,66.66666667,14,933.3333333
2011,1281,50,15,750
2011,1287,66.66666667,20,1333.333333
2011,1294,66.66666667,25,1666.666667
2011,1314,65.55555556,12.33333333,808.5185185
2011,1323,66.66666667,21,1400
2011,1324,50,4,200
2011,1326,60,10.66666667,640
2011,1330,83.33333333,21,1750
2011,1336,50,2,100
2011,1338,66.66666667,12.5,833.3333333
2011,1343,80,19,1520
2011,1345,83.33333333,60,5000
2011,1350,62.5,27,1687.5
2011,1103,50,13,650
2011,1361,75,32,2400
2011,1106,50,9,450
2011,1364,75,45,3375
2011,1112,72.22222222,36.66666667,2648.148148
2011,1114,50,4,200
2011,1125,66.66666667,19,1266.666667
2011,1385,50,15,750
2011,1131,75,53,3975
2011,1389,50,22,1100
2011,1393,66.66666667,15,1000
2011,1137,100,62,6200
2011,1139,75,41.8,3135
2011,1140,62.5,30,1875
2011,1396,66.66666667,25,1666.666667
2011,1397,50,30,1500
2011,1400,75,19,1425
2011,1401,66.66666667,21,1400
2011,1153,100,62,6200
2011,1155,50,8,400
2011,1412,50,18,900
2011,1417,75,45,3375
2011,1163,71,19.8,1405.8
2011,1421,50,23,1150
2011,1424,50,11,550
2011,1425,83.33333333,60,5000
2011,1427,66.66666667,61,4066.666667
2011,1429,50,5,250
2011,1433,68.75,29.25,2010.9375
2011,1435,66.66666667,20,1333.333333
2011,1181,62.5,24.5,1531.25
2011,1437,50,4,200
2011,1449,75,36,2700
2011,1196,66.66666667,17.66666667,1177.777778
2011,1452,65,18.5,1202.5
2011,1199,66.66666667,36.5,2433.333333
2011,1458,66.66666667,13,866.6666667
2011,1459,66.66666667,30,2000
2011,1206,66.66666667,61,4066.666667
2011,1462,66.66666667,15,1000
2011,1207,83.33333333,60,5000
2011,1208,50,3,150
2011,1211,66.66666667,30,2000
2011,1214,66.66666667,44,2933.333333
2011,1228,75,53,3975
2011,1232,50,17,850
2011,1242,66.66666667,30.33333333,2022.222222
2011,1243,66.66666667,19,1266.666667
2011,1246,72.91666667,41.75,3044.270833
2011,1254,75,36,2700
2011,1257,50,1,50
2011,1266,62.5,26.5,1656.25
2011,1272,75,19,1425
2011,1276,66.66666667,44,2933.333333
2011,1277,50,2,100
2012,1281,50,2,100
2012,1285,66.66666667,27,1800
2012,1290,50,1,50
2012,1293,66.66666667,29,1933.333333
2012,1301,66.66666667,25.5,1700
2012,1307,80,27,2160
2012,1308,66.66666667,15,1000
2012,1313,75,70,5250
2012,1314,62.5,15,937.5
2012,1323,66.66666667,16,1066.666667
2012,1325,70.83333333,33,2337.5
2012,1326,68.75,23.75,1632.8125
2012,1345,83.33333333,36,3000
2012,1355,75,30,2250
2012,1104,50,1,50
2012,1361,66.66666667,17,1133.333333
2012,1378,66.66666667,11,733.3333333
2012,1379,50,6,300
2012,1124,72.22222222,30.33333333,2190.740741
2012,1125,50,15,750
2012,1382,50,3,150
2012,1387,66.66666667,26,1733.333333
2012,1388,50,3,150
2012,1393,65.55555556,27,1770
2012,1140,66.66666667,29,1933.333333
2012,1396,66.66666667,25,1666.666667
2012,1143,66.66666667,25,1666.666667
2012,1400,66.66666667,12,800
2012,1153,65,25.5,1657.5
2012,1160,75,30,2250
2012,1161,50,17,850
2012,1163,50,13,650
2012,1421,75,24,1800
2012,1166,75,41,3075
2012,1424,50,4,200
2012,1172,80,27,2160
2012,1433,66.66666667,15,1000
2012,1178,83.33333333,36,3000
2012,1435,66.66666667,27,1800
2012,1436,75,41,3075
2012,1181,50,5,250
2012,1438,75,70,5250
2012,1443,100,71,7100
2012,1196,65.55555556,19.33333333,1267.407407
2012,1452,50,23,1150
2012,1199,66.66666667,12,800
2012,1455,50,3,150
2012,1458,62.5,16.5,1031.25
2012,1462,62.5,17.5,1093.75
2012,1207,66.66666667,17,1133.333333
2012,1211,80,48,3840
2012,1217,50,9,450
2012,1231,75,37,2775
2012,1233,50,6,300
2012,1235,100,71,7100
2012,1242,74.33333333,36,2676
2012,1243,75,24,1800
2012,1246,67.5,20.33333333,1372.5
2012,1249,50,12,600
2012,1250,66.66666667,16,1066.666667
2012,1253,50,7,350
2012,1254,66.66666667,26,1733.333333
2012,1257,72.91666667,43.5,3171.875
2012,1259,80,48,3840
2012,1266,58.33333333,31,1808.333333
2012,1272,50,7,350
2012,1276,66.66666667,11,733.3333333
2012,1277,65,17,1105
2013,1281,50,12,600
2013,1285,80,80,6400
2013,1292,50,13,650
2013,1299,100,97,9700
2013,1301,50,4,200
2013,1307,50,6,300
2013,1308,50,20,1000
2013,1314,66.66666667,19,1266.666667
2013,1322,75,58,4350
2013,1323,50,18,900
2013,1326,65.55555556,33.33333333,2185.185185
2013,1328,50,15,750
2013,1329,66.66666667,30,2000
2013,1332,75,58.5,4387.5
2013,1334,66.66666667,33,2200
2013,1338,80,42,3360
2013,1355,83.33333333,67,5583.333333
2013,1103,50,46,2300
2013,1361,66.66666667,20,1333.333333
2013,1107,75,38,2850
2013,1112,62.5,18.5,1156.25
2013,1380,50,6,300
2013,1125,66.66666667,40,2666.666667
2013,1129,75,13,975
2013,1387,66.66666667,30,2000
2013,1388,50,2,100
2013,1393,68.75,27.5,1890.625
2013,1137,50,12,600
2013,1139,75,13,975
2013,1396,66.66666667,27,1800
2013,1143,80,80,6400
2013,1153,50,4,200
2013,1160,50,8,400
2013,1161,100,97,9700
2013,1417,50,20,1000
2013,1166,75,38,2850
2013,1424,50,3,150
2013,1172,75,13,975
2013,1433,83.33333333,67,5583.333333
2013,1434,66.66666667,33,2200
2013,1181,72.22222222,44.66666667,3225.925926
2013,1437,50,7,350
2013,1443,66.66666667,19,1266.666667
2013,1195,62.5,36.5,2281.25
2013,1196,66.66666667,35.66666667,2377.777778
2013,1455,75,36.75,2756.25
2013,1458,50,11,550
2013,1207,66.66666667,20,1333.333333
2013,1211,80,42,3360
2013,1217,66.66666667,40,2666.666667
2013,1228,66.66666667,33,2200
2013,1231,60,32.33333333,1940
2013,1233,75,31,2325
2013,1235,75,31,2325
2013,1241,66.66666667,27,1800
2013,1242,66.66666667,37,2466.666667
2013,1243,75,13,975
2013,1247,65,26.5,1722.5
2013,1251,50,1,50
2013,1254,50,13,650
2013,1257,67.5,31.66666667,2137.5
2013,1266,65.55555556,41.66666667,2731.481481
2013,1272,58.33333333,23,1341.666667
2013,1274,62.5,10.5,656.25
2013,1276,74.33333333,60,4460
2013,1277,62.5,20,1250
2013,1278,75,58,4350
2013,1279,75,13,975
2014,1291,50,7,350
2014,1295,66.66666667,23,1533.333333
2014,1300,66.66666667,20,1333.333333
2014,1301,50,3,150
2014,1304,66.66666667,44,2933.333333
2014,1307,66.66666667,8,533.3333333
2014,1308,66.66666667,23,1533.333333
2014,1314,66.66666667,20,1333.333333
2014,1326,75,13,975
2014,1328,50,5,250
2014,1329,50,8,400
2014,1332,80,66,5280
2014,1338,80,49,3920
2014,1344,50,2,100
2014,1361,62.5,21.5,1343.75
2014,1107,80,49,3920
2014,1110,80,66,5280
2014,1112,65.55555556,32.33333333,2119.62963
2014,1113,50,2,100
2014,1372,66.66666667,34,2266.666667
2014,1124,65,38,2470
2014,1386,100,47,4700
2014,1387,58.33333333,18.5,1079.166667
2014,1390,62.5,12,750
2014,1393,75,13,975
2014,1140,50,19,950
2014,1397,62.5,20,1250
2014,1142,50,27,1350
2014,1400,75,33,2475
2014,1153,50,4,200
2014,1409,66.66666667,34,2266.666667
2014,1411,50,12,600
2014,1157,66.66666667,29,1933.333333
2014,1160,50,29,1450
2014,1417,65,25.5,1657.5
2014,1418,50,10,500
2014,1163,71,26.2,1860.2
2014,1166,66.66666667,44,2933.333333
2014,1173,65.55555556,27,1770
2014,1174,75,24,1800
2014,1433,50,2,100
2014,1437,100,47,4700
2014,1438,62.5,14.5,906.25
2014,1181,50,7,350
2014,1184,50,11,550
2014,1444,50,24,1200
2014,1451,75,38,2850
2014,1196,68.33333333,26,1776.666667
2014,1454,50,20,1000
2014,1455,66.66666667,15,1000
2014,1458,68.75,29.75,2045.3125
2014,1459,75,33,2475
2014,1203,50,5,250
2014,1462,50,15,750
2014,1211,75,38,2850
2014,1217,75,24,1800
2014,1234,75,52,3900
2014,1235,75,24.5,1837.5
2014,1242,66.66666667,8,533.3333333
2014,1243,83.33333333,18,1500
2014,1246,74.33333333,39,2899
2014,1257,66.66666667,10.5,700
2014,1264,66.66666667,22,1466.666667
2014,1269,75,52,3900
2014,1272,66.66666667,29,1933.333333
2014,1273,75,52,3900
2014,1276,69.44444444,24,1666.666667
2014,1277,72.22222222,26.66666667,1925.925926
2015,1295,75,41,3075
2015,1301,62.5,33,2062.5
2015,1308,50,19,950
2015,1314,66.66666667,22.5,1500
2015,1316,50,4,200
2015,1318,75,18,1350
2015,1320,75,25,1875
2015,1323,65.55555556,34.33333333,2250.740741
2015,1326,75,44,3300
2015,1328,73.33333333,18.5,1356.666667
2015,1329,50,6,300
2015,1332,83.33333333,42,3500
2015,1344,66.66666667,14,933.3333333
2015,1345,50,1,50
2015,1352,100,93,9300
2015,1361,100,93,9300
2015,1107,66.66666667,15,1000
2015,1112,66.66666667,24,1600
2015,1116,66.66666667,11,733.3333333
2015,1372,66.66666667,18,1200
2015,1374,66.66666667,18,1200
2015,1124,50,1,50
2015,1125,50,12,600
2015,1129,66.66666667,14,933.3333333
2015,1385,50,12,600
2015,1138,66.66666667,16,1066.666667
2015,1139,75,18,1350
2015,1140,50,4,200
2015,1400,50,8,400
2015,1153,80,77,6160
2015,1411,75,44,3300
2015,1412,66.66666667,18,1200
2015,1157,83.33333333,42,3500
2015,1414,75,25,1875
2015,1417,62.5,21,1312.5
2015,1428,75,51.5,3862.5
2015,1173,66.66666667,15,1000
2015,1172,50,31,1550
2015,1433,50,3,150
2015,1434,50,3,150
2015,1437,66.66666667,4,266.6666667
2015,1181,67.5,23.33333333,1575
2015,1438,80,23,1840
2015,1186,50,10,500
2015,1452,65,40,2600
2015,1455,62.5,18.5,1156.25
2015,1458,74.33333333,46.2,3434.2
2015,1459,50,3,150
2015,1461,50,17,850
2015,1462,58.33333333,16.33333333,952.7777778
2015,1207,66.66666667,18,1200
2015,1208,80,23,1840
2015,1209,66.66666667,27,1800
2015,1211,72.22222222,47.33333333,3418.518519
2015,1214,80,77,6160
2015,1217,66.66666667,11,733.3333333
2015,1231,66.66666667,18,1200
2015,1234,75,41,3075
2015,1235,50,1,50
2015,1242,66.66666667,18,1200
2015,1246,65,17.4,1131
2015,1248,50,41,2050
2015,1257,65.55555556,14.66666667,961.4814815
2015,1261,66.66666667,4,266.6666667
2015,1264,50,10,500
2015,1268,66.66666667,16,1066.666667
2015,1277,72.91666667,36.25,2643.229167
2015,1279,66.66666667,27,1800
2016,1292,80,53,4240
2016,1314,70.27777778,42.16666667,2963.37963
2016,1320,66.66666667,31,2066.666667
2016,1323,62.5,26.75,1671.875
2016,1328,72.91666667,55.25,4028.645833
2016,1332,61.66666667,16.25,1002.083333
2016,1333,50,8,400
2016,1338,66.66666667,7,466.6666667
2016,1344,83.33333333,81,6750
2016,1345,50,2,100
2016,1355,66.66666667,18,1200
2016,1112,66.66666667,30,2000
2016,1114,66.66666667,30,2000
2016,1371,66.66666667,39,2600
2016,1372,75,13,975
2016,1122,75,54,4050
2016,1380,50,4,200
2016,1124,50,4,200
2016,1386,75,58,4350
2016,1392,50,28,1400
2016,1393,68.75,46.5,3196.875
2016,1138,66.66666667,15,1000
2016,1139,75,57,4275
2016,1396,50,2,100
2016,1143,50,11,550
2016,1400,50,3,150
2016,1401,65,23.5,1527.5
2016,1403,50,10,500
2016,1151,66.66666667,31,2066.666667
2016,1409,50,5,250
2016,1153,50,2,100
2016,1160,50,7,350
2016,1163,75,54,4050
2016,1421,100,124,12400
2016,1423,66.66666667,15,1000
2016,1167,80,44,3520
2016,1425,50,1,50
2016,1428,66.66666667,39,2600
2016,1173,80,53,4240
2016,1433,80,44,3520
2016,1435,66.66666667,30,2000
2016,1181,62.5,31,1937.5
2016,1438,65.55555556,31,2032.222222
2016,1437,71,39.2,2783.2
2016,1192,50,31,1550
2016,1195,83.33333333,81,6750
2016,1452,50,14,700
2016,1453,66.66666667,31,2066.666667
2016,1451,50,18,900
2016,1455,66.66666667,15,1000
2016,1201,50,11,550
2016,1458,62.5,15.5,968.75
2016,1462,66.66666667,7,466.6666667
2016,1463,66.66666667,15,1000
2016,1211,65,32,2080
2016,1214,75,57,4275
2016,1218,66.66666667,18,1200
2016,1221,75,58,4350
2016,1231,66.66666667,54.5,3633.333333
2016,1233,66.66666667,30,2000
2016,1234,100,124,12400
2016,1235,62.5,29.5,1843.75
2016,1242,72.22222222,49.66666667,3587.037037
2016,1246,66.66666667,31,2066.666667
2016,1268,62.5,32.5,2031.25
2016,1274,83.33333333,77,6416.666667
2016,1276,75,13,975
2016,1277,50,9,450
2017,1291,50,20,1000
2017,1292,66.66666667,21,1400
2017,1297,75,23,1725
2017,1300,50,4,200
2017,1305,50,11,550
2017,1308,66.66666667,22,1466.666667
2017,1309,50,1,50
2017,1314,71,28.2,2002.2
2017,1315,66.66666667,27,1800
2017,1321,83.33333333,57,4750
2017,1323,66.66666667,18,1200
2017,1329,66.66666667,5,333.3333333
2017,1332,72.91666667,43.5,3171.875
2017,1343,50,2,100
2017,1344,66.66666667,5,333.3333333
2017,1345,62.5,50.5,3156.25
2017,1348,80,34,2720
2017,1355,83.33333333,57,4750
2017,1112,62.5,23,1437.5
2017,1371,50,6,300
2017,1116,100,67,6700
2017,1374,66.66666667,5,333.3333333
2017,1376,68.75,35.75,2457.8125
2017,1124,73.33333333,29.5,2163.333333
2017,1388,66.66666667,27,1800
2017,1137,66.66666667,18,1200
2017,1139,75,38,2850
2017,1407,50,22,1100
2017,1153,58.33333333,18,1050
2017,1411,100,67,6700
2017,1413,75,90,6750
2017,1417,62.5,18.5,1156.25
2017,1166,50,12,600
2017,1423,50,5,250
2017,1425,66.66666667,22,1466.666667
2017,1173,50,6,300
2017,1433,50,8,400
2017,1435,50,2,100
2017,1436,66.66666667,14,933.3333333
2017,1437,58.33333333,7,408.3333333
2017,1438,75,42,3150
2017,1181,80,54,4320
2017,1439,66.66666667,13,866.6666667
2017,1190,75,42,3150
2017,1448,50,7,350
2017,1195,50,6,300
2017,1196,65.55555556,24,1573.333333
2017,1452,66.66666667,29.5,1966.666667
2017,1199,75,38,2850
2017,1455,75,23,1725
2017,1457,66.66666667,21,1400
2017,1458,62.5,31,1937.5
2017,1462,66.66666667,30,2000
2017,1211,74.33333333,35.8,2661.133333
2017,1233,80,34,2720
2017,1235,66.66666667,14,933.3333333
2017,1240,50,15,750
2017,1242,61.66666667,18,1110
2017,1243,50,14,700
2017,1245,66.66666667,29,1933.333333
2017,1246,72.22222222,34,2455.555556
2017,1257,66.66666667,5,333.3333333
2017,1266,80,54,4320
2017,1268,75,38,2850
2017,1274,50,20,1000
2017,1276,65,24.5,1592.5
2017,1277,75,90,6750
2017,1278,50,9,450
2018,1281,75,33,2475
2018,1285,83.33333333,58,4833.333333
2018,1293,66.66666667,40,2666.666667
2018,1300,50,18,900
2018,1301,50,11,550
2018,1305,65,17.5,1137.5
2018,1308,66.66666667,42,2800
2018,1314,66.66666667,25,1666.666667
2018,1326,66.66666667,10,666.6666667
2018,1328,50,5,250
2018,1335,80,28,2240
2018,1344,66.66666667,25,1666.666667
2018,1345,62.5,21.5,1343.75
2018,1347,100,106,10600
2018,1348,75,51,3825
2018,1355,50,8,400
2018,1104,100,106,10600
2018,1361,50,2,100
2018,1112,50,21,1050
2018,1113,75,11,825
2018,1371,80,28,2240
2018,1372,75,26,1950
2018,1116,50,17,850
2018,1120,66.66666667,42,2800
2018,1382,50,15,750
2018,1393,62.5,27.5,1718.75
2018,1138,66.66666667,25,1666.666667
2018,1139,66.66666667,29,1933.333333
2018,1137,50,4,200
2018,1397,80,20,1600
2018,1395,75,11,825
2018,1400,66.66666667,6,400
2018,1401,66.66666667,38,2533.333333
2018,1403,72.22222222,50,3611.111111
2018,1153,66.66666667,6,400
2018,1411,50,19,950
2018,1155,65,16,1040
2018,1158,50,4,200
2018,1417,50,7,350
2018,1420,75,20,1500
2018,1422,66.66666667,10,666.6666667
2018,1166,75,20,1500
2018,1168,66.66666667,29,1933.333333
2018,1172,66.66666667,25,1666.666667
2018,1181,68.33333333,14.66666667,1002.222222
2018,1437,67.5,27.5,1856.25
2018,1438,50,20,1000
2018,1439,50,3,150
2018,1196,62.5,16.5,1031.25
2018,1452,75,56,4200
2018,1199,66.66666667,29,1933.333333
2018,1455,50,6,300
2018,1460,50,26,1300
2018,1462,62.5,25.5,1593.75
2018,1209,50,15,750
2018,1211,62.5,20.5,1281.25
2018,1222,83.33333333,58,4833.333333
2018,1233,75,51,3825
2018,1242,72.91666667,52.5,3828.125
2018,1243,65.55555556,21.66666667,1420.37037
2018,1246,62.5,20.5,1281.25
2018,1252,50,18,900
2018,1254,50,10,500
2018,1260,68.75,27.5,1890.625
2018,1267,66.66666667,40,2666.666667
2018,1274,80,20,1600
2018,1276,74.33333333,37.2,2765.2
2018,1277,75,11,825
2019,1280,50,4,200
2019,1285,66.66666667,34,2266.666667
2019,1293,66.66666667,35,2333.333333
2019,1295,75,26,1950
2019,1297,83.33333333,70,5833.333333
2019,1300,50,4,200
2019,1305,50,9,450
2019,1308,80,38,3040
2019,1314,65,27.5,1787.5
2019,1318,50,34,1700
2019,1326,66.66666667,44,2933.333333
2019,1328,100,45,4500
2019,1330,75,44,3300
2019,1332,75,25.5,1912.5
2019,1341,50,6,300
2019,1345,72.22222222,20.66666667,1492.592593
2019,1101,75,45,3375
2019,1113,50,17,850
2019,1371,50,16,800
2019,1120,72.91666667,40.25,2934.895833
2019,1124,75,64,4800
2019,1125,50,2,100
2019,1385,50,9,450
2019,1387,66.66666667,23,1533.333333
2019,1388,50,4,200
2019,1133,80,49,3920
2019,1393,50,9,450
2019,1138,66.66666667,39.5,2633.333333
2019,1396,50,11,550
2019,1397,62.5,25.5,1593.75
2019,1403,74.33333333,41.8,3107.133333
2019,1153,50,7,350
2019,1414,66.66666667,37,2466.666667
2019,1159,66.66666667,13,866.6666667
2019,1416,75,26,1950
2019,1429,50,17,850
2019,1433,50,15,750
2019,1436,66.66666667,35,2333.333333
2019,1437,75,44,3300
2019,1181,61.66666667,22.75,1402.916667
2019,1438,71,42.4,3010.4
2019,1439,62.5,15,937.5
2019,1192,75,64,4800
2019,1449,66.66666667,37,2466.666667
2019,1196,66.66666667,34,2266.666667
2019,1199,62.5,41.5,2593.75
2019,1458,66.66666667,37,2466.666667
2019,1459,75,45,3375
2019,1205,100,45,4500
2019,1463,66.66666667,7,466.6666667
2019,1209,66.66666667,44,2933.333333
2019,1211,62.5,30,1875
2019,1222,62.5,24,1500
2019,1233,66.66666667,37,2466.666667
2019,1234,66.66666667,13,866.6666667
2019,1235,50,3,150
2019,1242,80,38,3040
2019,1243,50,6,300
2019,1246,65.55555556,32.66666667,2141.481481
2019,1251,66.66666667,23,1533.333333
2019,1257,50,10,500
2019,1261,65,25.5,1657.5
2019,1266,50,19,950
2019,1268,58.33333333,9,525
2019,1276,66.66666667,39.5,2633.333333
2019,1277,68.75,28.25,1942.1875
2019,1278,80,49,3920
2019,1279,50,23,1150
2021,1281,50,4,200
2021,1287,50,17,850
2021,1291,50,8,400
2021,1313,83.33333333,99,8250
2021,1314,50,23,1150
2021,1317,66.66666667,33,2200
2021,1325,66.66666667,15,1000
2021,1326,66.66666667,6,400
2021,1328,83.33333333,99,8250
2021,1329,75,31,2325
2021,1331,62.5,13,812.5
2021,1332,62.5,38,2375
2021,1333,65.55555556,29.66666667,1944.814815
2021,1345,50,9,450
2021,1353,80,56,4480
2021,1101,83.33333333,49,4083.333333
2021,1104,66.66666667,29,1933.333333
2021,1361,66.66666667,19,1266.666667
2021,1364,66.66666667,15,1000
2021,1111,50,1,50
2021,1116,72.22222222,36.66666667,2648.148148
2021,1124,71,46.4,3294.4
2021,1382,50,15,750
2021,1393,65,36.5,2372.5
2021,1140,83.33333333,49,4083.333333
2021,1397,75,31,2325
2021,1400,50,1,50
2021,1403,75,21,1575
2021,1411,75,42,3150
2021,1155,50,4,200
2021,1156,80,56,4480
2021,1159,75,21,1575
2021,1160,66.66666667,28,1866.666667
2021,1417,68.75,43.5,2990.625
2021,1163,50,9,450
2021,1166,66.66666667,51.5,3433.333333
2021,1422,66.66666667,28,1866.666667
2021,1425,58.33333333,31,1808.333333
2021,1429,50,12,600
2021,1179,75,64,4800
2021,1180,50,29,1450
2021,1437,75,50.5,3787.5
2021,1438,50,4,200
2021,1439,50,5,250
2021,1186,50,9,450
2021,1196,66.66666667,6,400
2021,1452,66.66666667,19,1266.666667
2021,1199,62.5,32.5,2031.25
2021,1455,50,1,50
2021,1457,66.66666667,33,2200
2021,1458,100,92,9200
2021,1207,50,23,1150
2021,1210,66.66666667,24,1600
2021,1211,70.83333333,37.5,2656.25
2021,1213,50,12,600
2021,1216,100,92,9200
2021,1222,72.91666667,36.5,2661.458333
2021,1228,66.66666667,24,1600
2021,1233,66.66666667,32,2133.333333
2021,1234,50,15,750
2021,1242,75,64,4800
2021,1251,50,9,450
2021,1260,62.5,30,1875
2021,1261,75,42,3150
2021,1268,66.66666667,32,2133.333333
2021,1276,62.5,25,1562.5
2021,1277,83.33333333,49,4083.333333
2022,1286,66.66666667,41,2733.333333
2022,1293,75,19,1425
2022,1308,75,15,1125
2022,1313,50,36,1800
2022,1314,74.33333333,39.8,2958.466667
2022,1323,66.66666667,41,2733.333333
2022,1326,80,44,3520
2022,1344,75,44,3300
2022,1345,62.5,13.5,843.75
2022,1350,66.66666667,37,2466.666667
2022,1353,66.66666667,16,1066.666667
2022,1355,66.66666667,37,2466.666667
2022,1103,66.66666667,20,1333.333333
2022,1104,66.66666667,16,1066.666667
2022,1361,50,3,150
2022,1362,50,5,250
2022,1112,58.33333333,26.33333333,1536.111111
2022,1371,50,27,1350
2022,1116,65.55555556,24,1573.333333
2022,1120,75,34,2550
2022,1124,83.33333333,70,5833.333333
2022,1129,50,11,550
2022,1388,58.33333333,14,816.6666667
2022,1389,66.66666667,35.66666667,2377.777778
2022,1136,50,11,550
2022,1394,50,9,450
2022,1395,66.66666667,22,1466.666667
2022,1397,66.66666667,20,1333.333333
2022,1400,66.66666667,32,2133.333333
2022,1403,73.33333333,28,2053.333333
2022,1151,50,1,50
2022,1411,100,84,8400
2022,1412,75,41,3075
2022,1159,50,7,350
2022,1417,66.66666667,49.5,3300
2022,1161,66.66666667,20,1333.333333
2022,1163,50,7,350
2022,1166,100,84,8400
2022,1168,80,40,3200
2022,1425,75,34,2550
2022,1172,50,1,50
2022,1174,80,44,3520
2022,1436,75,15,1125
2022,1181,68.75,31.75,2182.8125
2022,1437,72.91666667,39.5,2880.208333
2022,1439,50,8,400
2022,1458,66.66666667,10,666.6666667
2022,1460,66.66666667,22,1466.666667
2022,1461,50,8,400
2022,1463,66.66666667,32,2133.333333
2022,1209,66.66666667,25,1666.666667
2022,1211,62.5,13,812.5
2022,1222,65.55555556,22.33333333,1464.074074
2022,1228,75,41,3075
2022,1231,50,29,1450
2022,1234,50,4,200
2022,1235,62.5,20.5,1281.25
2022,1240,50,19,950
2022,1242,67.5,32.83333333,2216.25
2022,1246,75,19,1425
2022,1255,50,32,1600
2022,1260,50,13,650
2022,1261,66.66666667,10,666.6666667
2022,1266,83.33333333,70,5833.333333
2022,1272,66.66666667,25,1666.666667
2022,1274,72.22222222,37.66666667,2720.37037
2022,1276,65,38,2470
2022,1277,80,40,3200
2023,1280,66.66666667,19,1266.666667
2023,1281,66.66666667,19,1266.666667
2023,1286,75,23,1725
2023,1297,66.66666667,28,1866.666667
2023,1301,75,29,2175
2023,1305,50,25,1250
2023,1321,66.66666667,38,2533.333333
2023,1331,50,23,1150
2023,1336,75,37,2775
2023,1338,66.66666667,16,1066.666667
2023,1343,62.5,20,1250
2023,1344,50,8,400
2023,1345,66.66666667,28,1866.666667
2023,1104,61.11111111,14.66666667,896.2962963
2023,1361,74.33333333,42.4,3151.733333
2023,1364,50,18,900
2023,1112,66.66666667,19,1266.666667
2023,1113,50,2,100
2023,1369,50,4,200
2023,1116,75,74,5550
2023,1120,66.66666667,28,1866.666667
2023,1124,75,29,2175
2023,1129,50,8,400
2023,1388,100,120,12000
2023,1394,66.66666667,43,2866.666667
2023,1395,62.5,21.5,1343.75
2023,1397,65,21,1365
2023,1400,65.55555556,25.66666667,1682.592593
2023,1401,50,17,850
2023,1411,66.66666667,28,1866.666667
2023,1158,83.33333333,38,3166.666667
2023,1159,75,37,2775
2023,1417,62.5,13,812.5
2023,1418,66.66666667,16,1066.666667
2023,1163,71,24.6,1746.6
2023,1421,66.66666667,38,2533.333333
2023,1166,66.66666667,25,1666.666667
2023,1425,66.66666667,19,1266.666667
2023,1429,50,11,550
2023,1433,50,12,600
2023,1179,80,44,3520
2023,1436,50,17,850
2023,1181,66.66666667,16,1066.666667
2023,1438,50,1,50
2023,1192,80,19,1520
2023,1194,72.91666667,26.25,1914.0625
2023,1452,50,2,100
2023,1202,83.33333333,38,3166.666667
2023,1462,70.83333333,28,1983.333333
2023,1211,72.22222222,53.33333333,3851.851852
2023,1213,75,18,1350
2023,1222,65,26,1690
2023,1224,50,28,1400
2023,1228,66.66666667,11,733.3333333
2023,1231,80,44,3520
2023,1233,100,120,12000
2023,1234,50,8,400
2023,1235,66.66666667,19,1266.666667
2023,1242,66.66666667,11,733.3333333
2023,1243,65.55555556,15.33333333,1005.185185
2023,1244,66.66666667,16,1066.666667
2023,1245,50,11,550
2023,1246,75,23,1725
2023,1266,66.66666667,19,1266.666667
2023,1268,66.66666667,43,2866.666667
2023,1272,80,19,1520
2023,1274,72.91666667,49,3572.916667
2023,1277,62.5,20,1250
2024,1280,50,18,900
2024,1286,50,7,350
2024,1287,75,45,3375
2024,1301,68.75,45.5,3128.125
2024,1304,50,15,750
2024,1305,50,3,150
2024,1307,75,34,2550
2024,1314,60,18,1080
2024,1321,100,140,14000
2024,1324,80,40,3200
2024,1332,66.66666667,30,2000
2024,1345,70.27777778,48.33333333,3396.759259
2024,1355,66.66666667,28,1866.666667
2024,1103,66.66666667,30,2000
2024,1104,72.91666667,56.75,4138.020833
2024,1361,75,71,5325
2024,1359,50,4,200
2024,1112,62.5,18.5,1156.25
2024,1376,50,14,700
2024,1120,50,2,100
2024,1124,75,34,2550
2024,1129,66.66666667,9,600
2024,1388,50,9,450
2024,1389,75,45,3375
2024,1391,100,140,14000
2024,1395,50,16,800
2024,1140,50,4,200
2024,1397,66.66666667,46.66666667,3111.111111
2024,1400,62.5,35,2187.5
2024,1401,66.66666667,45,3000
2024,1403,80,40,3200
2024,1155,65.55555556,29.33333333,1922.962963
2024,1412,66.66666667,32,2133.333333
2024,1158,80,33,2640
2024,1159,50,25,1250
2024,1160,66.66666667,22,1466.666667
2024,1161,50,12,600
2024,1163,71,44,3124
2024,1166,62.5,29.5,1843.75
2024,1173,66.66666667,30,2000
2024,1429,83.33333333,98,8166.666667
2024,1179,50,5,250
2024,1436,75,58,4350
2024,1181,65.55555556,32,2097.777778
2024,1182,75,45,3375
2024,1438,50,25,1250
2024,1443,66.66666667,22,1466.666667
2024,1447,66.66666667,44,2933.333333
2024,1450,66.66666667,28,1866.666667
2024,1194,50,12,600
2024,1196,66.66666667,9,600
2024,1458,50,11,550
2024,1463,66.66666667,32,2133.333333
2024,1211,66.66666667,51,3400
2024,1212,83.33333333,98,8166.666667
2024,1213,80,33,2640
2024,1222,62.5,36.5,2281.25
2024,1224,50,3,150
2024,1228,72.22222222,57.33333333,4140.740741
2024,1235,62.5,25,1562.5
2024,1241,75,58,4350
2024,1242,66.66666667,42,2800
2024,1246,50,4,200
2024,1253,66.66666667,30,2000
2024,1255,66.66666667,45,3000
2024,1266,73.33333333,24.5,1796.666667
2024,1270,66.66666667,42,2800
2024,1277,66.66666667,44,2933.333333
