,Season,TeamID,Opponent_PointDiff
0,1985,1292,27.0
1,1985,1298,6.0
2,1985,1299,21.0
3,1985,1301,23.0
4,1985,1305,28.0
5,1985,1314,14.0
6,1985,1318,35.0
7,1985,1323,27.0
8,1985,1325,11.0
9,1985,1326,36.0
10,1985,1328,18.666666666666668
11,1985,1330,17.0
12,1985,1333,9.0
13,1985,1335,17.0
14,1985,1337,13.0
15,1985,1338,36.0
16,1985,1345,3.0
17,1985,1104,22.0
18,1985,1361,5.0
19,1985,1112,13.0
20,1985,1116,52.0
21,1985,1374,14.0
22,1985,1120,19.0
23,1985,1380,52.0
24,1985,1385,31.5
25,1985,1130,15.0
26,1985,1393,32.0
27,1985,1396,78.0
28,1985,1403,3.0
29,1985,1409,4.0
30,1985,1412,17.0
31,1985,1424,11.0
32,1985,1425,3.0
33,1985,1173,30.0
34,1985,1431,28.0
35,1985,1433,13.0
36,1985,1177,5.0
37,1985,1181,3.0
38,1985,1437,26.4
39,1985,1439,3.0
40,1985,1192,4.0
41,1985,1449,11.0
42,1985,1455,8.0
43,1985,1207,26.2
44,1985,1208,35.0
45,1985,1210,39.333333333333336
46,1985,1228,20.0
47,1985,1229,21.0
48,1985,1233,14.0
49,1985,1234,9.0
50,1985,1235,11.0
51,1985,1242,3.0
52,1985,1246,28.5
53,1985,1250,78.0
54,1985,1256,16.0
55,1985,1260,47.5
56,1985,1261,23.0
57,1985,1267,16.0
58,1985,1268,26.5
59,1985,1272,14.0
60,1985,1273,32.0
61,1985,1275,6.0
62,1985,1276,30.0
63,1985,1277,2.0
64,1986,1281,2.0
65,1986,1286,9.0
66,1986,1290,67.0
67,1986,1298,42.0
68,1986,1299,65.0
69,1986,1301,25.666666666666668
70,1986,1304,8.0
71,1986,1314,36.5
72,1986,1318,6.0
73,1986,1323,7.0
74,1986,1328,9.0
75,1986,1330,67.0
76,1986,1337,5.0
77,1986,1345,17.0
78,1986,1350,1.0
79,1986,1103,6.0
80,1986,1104,28.0
81,1986,1112,33.0
82,1986,1114,20.0
83,1986,1120,36.333333333333336
84,1986,1123,32.0
85,1986,1385,33.0
86,1986,1386,10.0
87,1986,1133,71.0
88,1986,1135,49.0
89,1986,1393,32.0
90,1986,1396,65.0
91,1986,1403,6.0
92,1986,1409,32.0
93,1986,1412,30.0
94,1986,1156,16.5
95,1986,1419,29.0
96,1986,1424,19.0
97,1986,1428,30.0
98,1986,1172,32.0
99,1986,1431,18.0
100,1986,1177,36.5
101,1986,1180,71.0
102,1986,1181,37.0
103,1986,1437,20.0
104,1986,1438,9.0
105,1986,1439,9.0
106,1986,1443,32.0
107,1986,1449,14.0
108,1986,1193,24.0
109,1986,1452,8.0
110,1986,1462,19.0
111,1986,1207,14.0
112,1986,1210,13.0
113,1986,1228,19.0
114,1986,1231,10.0
115,1986,1234,20.0
116,1986,1235,13.0
117,1986,1239,11.0
118,1986,1242,28.0
119,1986,1246,14.666666666666666
120,1986,1257,33.0
121,1986,1261,38.75
122,1986,1265,20.0
123,1986,1268,29.0
124,1986,1272,17.0
125,1986,1275,5.0
126,1986,1276,5.0
127,1986,1277,35.5
128,1987,1281,1.0
129,1987,1283,15.0
130,1987,1292,14.0
131,1987,1298,15.0
132,1987,1299,42.0
133,1987,1301,31.0
134,1987,1309,42.0
135,1987,1314,25.666666666666668
136,1987,1318,9.0
137,1987,1323,32.5
138,1987,1326,38.0
139,1987,1328,26.0
140,1987,1335,49.0
141,1987,1338,8.0
142,1987,1344,32.25
143,1987,1345,31.0
144,1987,1104,32.5
145,1987,1360,1.0
146,1987,1365,27.0
147,1987,1112,7.0
148,1987,1120,63.0
149,1987,1122,61.0
150,1987,1380,19.0
151,1987,1385,22.0
152,1987,1393,41.2
153,1987,1137,38.0
154,1987,1395,14.0
155,1987,1396,21.0
156,1987,1140,4.0
157,1987,1141,19.0
158,1987,1401,12.0
159,1987,1409,8.0
160,1987,1155,5.0
161,1987,1412,61.0
162,1987,1417,14.0
163,1987,1424,26.75
164,1987,1431,27.0
165,1987,1177,11.5
166,1987,1181,32.0
167,1987,1438,14.0
168,1987,1443,48.0
169,1987,1193,63.0
170,1987,1196,28.5
171,1987,1452,2.0
172,1987,1455,2.0
173,1987,1204,48.0
174,1987,1461,40.0
175,1987,1462,12.0
176,1987,1207,30.0
177,1987,1208,3.0
178,1987,1210,21.0
179,1987,1222,15.0
180,1987,1226,61.0
181,1987,1228,1.0
182,1987,1231,28.6
183,1987,1234,25.333333333333332
184,1987,1242,21.5
185,1987,1243,61.0
186,1987,1246,14.0
187,1987,1256,22.0
188,1987,1261,34.666666666666664
189,1987,1265,25.0
190,1987,1267,16.0
191,1987,1276,49.0
192,1988,1281,10.0
193,1988,1283,4.0
194,1988,1293,53.0
195,1988,1299,14.0
196,1988,1301,3.0
197,1988,1314,46.333333333333336
198,1988,1317,53.0
199,1988,1323,8.0
200,1988,1328,42.2
201,1988,1333,30.0
202,1988,1338,9.0
203,1988,1345,19.5
204,1988,1348,28.0
205,1988,1350,34.5
206,1988,1364,10.0
207,1988,1112,44.0
208,1988,1371,107.0
209,1988,1116,17.0
210,1988,1374,42.0
211,1988,1120,85.0
212,1988,1124,15.0
213,1988,1380,24.0
214,1988,1385,3.0
215,1988,1129,28.0
216,1988,1131,42.0
217,1988,1133,4.0
218,1988,1393,10.0
219,1988,1140,30.0
220,1988,1396,17.333333333333332
221,1988,1150,6.0
222,1988,1151,85.0
223,1988,1165,107.0
224,1988,1424,22.0
225,1988,1427,9.0
226,1988,1429,9.0
227,1988,1431,16.0
228,1988,1177,24.0
229,1988,1435,35.5
230,1988,1181,32.0
231,1988,1437,39.333333333333336
232,1988,1185,18.0
233,1988,1192,42.0
234,1988,1196,28.0
235,1988,1455,21.0
236,1988,1199,22.0
237,1988,1461,4.0
238,1988,1462,53.0
239,1988,1207,57.0
240,1988,1210,7.0
241,1988,1228,17.0
242,1988,1231,7.0
243,1988,1234,55.5
244,1988,1235,12.0
245,1988,1242,32.6
246,1988,1243,38.666666666666664
247,1988,1246,13.5
248,1988,1247,24.0
249,1988,1250,57.0
250,1988,1257,45.5
251,1988,1258,53.0
252,1988,1261,3.0
253,1988,1268,24.0
254,1988,1272,42.0
255,1988,1276,28.0
256,1989,1281,23.5
257,1989,1283,76.0
258,1989,1292,25.0
259,1989,1301,15.0
260,1989,1314,34.5
261,1989,1323,16.0
262,1989,1328,17.0
263,1989,1333,4.0
264,1989,1338,4.0
265,1989,1343,16.0
266,1989,1344,25.0
267,1989,1352,60.0
268,1989,1353,14.0
269,1989,1354,53.0
270,1989,1104,2.0
271,1989,1112,20.5
272,1989,1114,14.0
273,1989,1371,36.2
274,1989,1116,14.0
275,1989,1373,24.0
276,1989,1375,59.0
277,1989,1376,21.0
278,1989,1123,35.0
279,1989,1380,21.0
280,1989,1388,13.0
281,1989,1390,2.0
282,1989,1393,30.666666666666668
283,1989,1137,41.0
284,1989,1397,16.0
285,1989,1400,35.0
286,1989,1155,60.0
287,1989,1161,41.0
288,1989,1417,21.0
289,1989,1166,35.0
290,1989,1424,46.333333333333336
291,1989,1431,37.0
292,1989,1177,28.0
293,1989,1435,16.0
294,1989,1181,33.0
295,1989,1438,39.0
296,1989,1190,44.0
297,1989,1191,76.0
298,1989,1452,53.0
299,1989,1196,22.0
300,1989,1199,14.0
301,1989,1206,37.0
302,1989,1207,30.0
303,1989,1462,59.0
304,1989,1210,6.0
305,1989,1225,28.0
306,1989,1228,29.5
307,1989,1231,43.5
308,1989,1234,21.0
309,1989,1235,10.0
310,1989,1243,24.0
311,1989,1247,9.0
312,1989,1256,44.0
313,1989,1257,27.0
314,1989,1258,19.0
315,1989,1261,11.0
316,1989,1270,35.0
317,1989,1272,3.0
318,1989,1276,31.8
319,1989,1278,27.5
320,1990,1281,3.0
321,1990,1283,15.0
322,1990,1293,8.0
323,1990,1308,55.0
324,1990,1314,20.5
325,1990,1320,13.0
326,1990,1323,8.0
327,1990,1326,112.0
328,1990,1328,15.0
329,1990,1333,3.0
330,1990,1343,32.0
331,1990,1344,1.0
332,1990,1345,26.0
333,1990,1350,63.0
334,1990,1352,8.0
335,1990,1104,33.5
336,1990,1364,8.0
337,1990,1112,39.0
338,1990,1114,112.0
339,1990,1116,26.5
340,1990,1378,12.0
341,1990,1123,65.5
342,1990,1379,16.0
343,1990,1385,63.0
344,1990,1131,45.0
345,1990,1393,10.5
346,1990,1140,6.0
347,1990,1396,16.0
348,1990,1143,45.0
349,1990,1400,18.333333333333332
350,1990,1406,9.0
351,1990,1155,30.5
352,1990,1411,18.0
353,1990,1412,13.0
354,1990,1417,35.5
355,1990,1161,39.0
356,1990,1163,23.666666666666668
357,1990,1419,12.0
358,1990,1164,24.0
359,1990,1424,28.8
360,1990,1173,32.0
361,1990,1431,13.0
362,1990,1181,43.6
363,1990,1438,24.0
364,1990,1437,7.0
365,1990,1190,22.0
366,1990,1462,22.0
367,1990,1207,11.0
368,1990,1208,26.0
369,1990,1210,35.0
370,1990,1222,4.0
371,1990,1225,19.0
372,1990,1228,2.0
373,1990,1229,6.0
374,1990,1231,2.0
375,1990,1242,13.0
376,1990,1243,11.0
377,1990,1247,6.0
378,1990,1257,3.0
379,1990,1258,52.333333333333336
380,1990,1261,22.0
381,1990,1276,55.0
382,1990,1277,13.0
383,1990,1278,16.333333333333332
384,1991,1280,23.0
385,1991,1285,71.0
386,1991,1293,18.0
387,1991,1296,32.0
388,1991,1301,22.0
389,1991,1304,5.0
390,1991,1307,22.0
391,1991,1308,8.0
392,1991,1309,53.0
393,1991,1314,29.25
394,1991,1318,79.0
395,1991,1326,24.5
396,1991,1329,34.0
397,1991,1336,23.0
398,1991,1337,36.0
399,1991,1338,53.0
400,1991,1343,2.0
401,1991,1345,39.0
402,1991,1350,39.0
403,1991,1353,3.0
404,1991,1104,38.5
405,1991,1112,24.5
406,1991,1113,71.0
407,1991,1371,35.666666666666664
408,1991,1116,24.666666666666668
409,1991,1375,11.0
410,1991,1379,29.0
411,1991,1384,28.0
412,1991,1385,35.666666666666664
413,1991,1389,8.0
414,1991,1393,4.0
415,1991,1140,28.0
416,1991,1396,35.0
417,1991,1400,32.0
418,1991,1406,15.0
419,1991,1157,32.0
420,1991,1417,5.0
421,1991,1163,44.5
422,1991,1419,84.0
423,1991,1166,36.0
424,1991,1424,35.25
425,1991,1425,3.0
426,1991,1428,36.5
427,1991,1177,17.0
428,1991,1435,10.0
429,1991,1181,38.4
430,1991,1437,79.0
431,1991,1438,13.0
432,1991,1185,42.0
433,1991,1190,3.0
434,1991,1448,18.0
435,1991,1453,2.0
436,1991,1199,32.0
437,1991,1462,33.0
438,1991,1207,71.0
439,1991,1208,8.0
440,1991,1209,71.0
441,1991,1210,15.0
442,1991,1231,28.0
443,1991,1234,84.0
444,1991,1242,54.8
445,1991,1256,6.0
446,1991,1261,33.0
447,1991,1277,11.0
448,1992,1281,19.0
449,1992,1283,7.0
450,1992,1285,20.0
451,1992,1290,57.0
452,1992,1293,11.0
453,1992,1304,21.0
454,1992,1308,23.5
455,1992,1314,31.0
456,1992,1326,21.666666666666668
457,1992,1328,4.0
458,1992,1329,17.0
459,1992,1330,37.0
460,1992,1337,16.0
461,1992,1343,8.0
462,1992,1352,43.0
463,1992,1104,14.0
464,1992,1112,7.0
465,1992,1371,43.0
466,1992,1116,16.0
467,1992,1378,15.0
468,1992,1385,4.0
469,1992,1390,5.0
470,1992,1393,33.0
471,1992,1140,11.0
472,1992,1396,30.0
473,1992,1400,6.0
474,1992,1144,75.0
475,1992,1150,2.0
476,1992,1408,43.0
477,1992,1153,16.0
478,1992,1417,42.0
479,1992,1418,16.0
480,1992,1163,57.0
481,1992,1419,30.0
482,1992,1425,6.0
483,1992,1174,83.0
484,1992,1431,58.0
485,1992,1177,16.0
486,1992,1181,35.8
487,1992,1183,87.0
488,1992,1190,30.0
489,1992,1191,11.0
490,1992,1448,23.0
491,1992,1452,11.0
492,1992,1199,51.0
493,1992,1200,33.0
494,1992,1204,43.0
495,1992,1207,20.0
496,1992,1210,23.0
497,1992,1222,6.0
498,1992,1224,33.0
499,1992,1231,37.25
500,1992,1234,75.0
501,1992,1235,37.0
502,1992,1242,11.0
503,1992,1246,36.666666666666664
504,1992,1247,19.0
505,1992,1257,43.0
506,1992,1261,87.0
507,1992,1269,22.5
508,1992,1272,33.333333333333336
509,1992,1275,14.0
510,1992,1276,53.0
511,1992,1277,83.0
512,1993,1281,33.0
513,1993,1304,14.0
514,1993,1307,24.0
515,1993,1308,81.0
516,1993,1309,18.0
517,1993,1314,46.4
518,1993,1329,21.0
519,1993,1335,4.0
520,1993,1338,21.0
521,1993,1345,6.0
522,1993,1348,94.0
523,1993,1351,124.0
524,1993,1356,35.0
525,1993,1365,33.0
526,1993,1112,3.0
527,1993,1371,7.0
528,1993,1116,56.0
529,1993,1374,9.0
530,1993,1123,59.0
531,1993,1380,24.0
532,1993,1385,36.0
533,1993,1129,37.0
534,1993,1140,59.0
535,1993,1396,30.0
536,1993,1398,22.0
537,1993,1143,47.0
538,1993,1403,18.0
539,1993,1151,29.0
540,1993,1408,46.0
541,1993,1153,45.0
542,1993,1157,50.0
543,1993,1417,50.0
544,1993,1419,13.0
545,1993,1164,81.0
546,1993,1428,124.0
547,1993,1174,21.0
548,1993,1435,18.0
549,1993,1181,7.0
550,1993,1438,42.5
551,1993,1443,34.0
552,1993,1187,94.0
553,1993,1191,46.0
554,1993,1448,68.5
555,1993,1199,44.333333333333336
556,1993,1203,32.5
557,1993,1460,59.0
558,1993,1462,59.0
559,1993,1210,15.0
560,1993,1221,36.0
561,1993,1228,37.0
562,1993,1231,32.666666666666664
563,1993,1234,29.0
564,1993,1235,11.0
565,1993,1242,42.25
566,1993,1243,2.0
567,1993,1246,36.5
568,1993,1253,3.0
569,1993,1257,35.5
570,1993,1261,7.0
571,1993,1264,27.0
572,1993,1266,12.0
573,1993,1269,27.0
574,1993,1272,7.0
575,1993,1276,57.2
576,1994,1281,32.666666666666664
577,1994,1298,46.0
578,1994,1299,67.0
579,1994,1304,10.0
580,1994,1307,3.0
581,1994,1308,10.0
582,1994,1314,15.0
583,1994,1325,21.0
584,1994,1329,12.0
585,1994,1335,31.0
586,1994,1337,16.0
587,1994,1344,6.0
588,1994,1345,31.0
589,1994,1351,30.0
590,1994,1356,14.0
591,1994,1104,46.0
592,1994,1112,32.5
593,1994,1371,11.0
594,1994,1116,30.6
595,1994,1129,14.0
596,1994,1130,24.0
597,1994,1387,16.0
598,1994,1393,25.0
599,1994,1396,21.0
600,1994,1398,13.0
601,1994,1143,4.0
602,1994,1400,16.0
603,1994,1402,18.0
604,1994,1151,40.0
605,1994,1409,38.5
606,1994,1153,8.0
607,1994,1411,47.0
608,1994,1412,5.0
609,1994,1158,10.0
610,1994,1416,46.0
611,1994,1417,12.0
612,1994,1418,34.0
613,1994,1163,18.0
614,1994,1180,22.0
615,1994,1181,37.8
616,1994,1438,71.0
617,1994,1443,14.0
618,1994,1448,40.0
619,1994,1450,15.0
620,1994,1196,25.5
621,1994,1453,19.0
622,1994,1458,46.0
623,1994,1203,30.0
624,1994,1207,67.0
625,1994,1218,19.0
626,1994,1228,7.0
627,1994,1231,18.5
628,1994,1241,31.0
629,1994,1242,28.0
630,1994,1246,34.0
631,1994,1251,20.0
632,1994,1257,42.5
633,1994,1259,71.0
634,1994,1266,30.0
635,1994,1268,17.0
636,1994,1269,16.0
637,1994,1276,32.333333333333336
638,1994,1277,47.0
639,1994,1278,14.0
640,1995,1280,49.0
641,1995,1281,86.0
642,1995,1291,92.0
643,1995,1293,55.0
644,1995,1299,37.0
645,1995,1311,39.0
646,1995,1314,31.0
647,1995,1328,10.0
648,1995,1329,48.25
649,1995,1330,18.0
650,1995,1332,17.0
651,1995,1335,6.0
652,1995,1345,23.0
653,1995,1356,4.0
654,1995,1104,57.0
655,1995,1365,22.0
656,1995,1112,9.0
657,1995,1113,51.0
658,1995,1116,41.4
659,1995,1123,25.0
660,1995,1387,37.0
661,1995,1389,64.0
662,1995,1390,64.0
663,1995,1393,22.0
664,1995,1396,6.0
665,1995,1140,6.0
666,1995,1400,38.0
667,1995,1150,2.0
668,1995,1151,44.0
669,1995,1408,92.0
670,1995,1153,44.0
671,1995,1409,36.0
672,1995,1411,22.0
673,1995,1159,19.0
674,1995,1417,30.0
675,1995,1163,43.333333333333336
676,1995,1428,22.0
677,1995,1180,57.0
678,1995,1437,8.0
679,1995,1438,16.666666666666668
680,1995,1443,19.0
681,1995,1448,30.0
682,1995,1451,7.0
683,1995,1196,3.0
684,1995,1453,1.0
685,1995,1198,86.0
686,1995,1462,7.0
687,1995,1207,31.0
688,1995,1211,38.0
689,1995,1228,18.0
690,1995,1231,5.0
691,1995,1235,55.0
692,1995,1242,22.5
693,1995,1246,28.666666666666668
694,1995,1253,12.0
695,1995,1257,23.0
696,1995,1264,25.0
697,1995,1268,30.5
698,1995,1269,25.666666666666668
699,1995,1272,11.5
700,1995,1275,39.0
701,1995,1276,6.0
702,1995,1277,7.0
703,1995,1278,3.0
704,1996,1280,29.25
705,1996,1284,24.0
706,1996,1286,57.0
707,1996,1290,56.0
708,1996,1296,20.0
709,1996,1307,56.0
710,1996,1309,21.0
711,1996,1314,20.0
712,1996,1328,18.0
713,1996,1336,15.0
714,1996,1339,34.0
715,1996,1343,44.0
716,1996,1345,14.0
717,1996,1354,66.0
718,1996,1363,129.0
719,1996,1365,66.0
720,1996,1112,34.0
721,1996,1116,45.5
722,1996,1122,25.0
723,1996,1130,25.0
724,1996,1133,8.0
725,1996,1390,67.0
726,1996,1393,53.0
727,1996,1396,35.0
728,1996,1143,10.0
729,1996,1400,16.0
730,1996,1145,35.0
731,1996,1403,38.5
732,1996,1153,29.0
733,1996,1409,6.0
734,1996,1155,14.0
735,1996,1159,23.0
736,1996,1416,67.0
737,1996,1417,2.0
738,1996,1163,29.5
739,1996,1419,16.0
740,1996,1422,35.0
741,1996,1428,69.5
742,1996,1433,44.0
743,1996,1434,53.0
744,1996,1180,57.0
745,1996,1437,6.0
746,1996,1181,15.0
747,1996,1439,129.0
748,1996,1185,23.0
749,1996,1441,2.0
750,1996,1448,46.333333333333336
751,1996,1453,13.0
752,1996,1203,2.0
753,1996,1207,36.0
754,1996,1208,29.5
755,1996,1210,24.0
756,1996,1231,13.0
757,1996,1234,53.0
758,1996,1235,35.0
759,1996,1242,40.666666666666664
760,1996,1243,21.0
761,1996,1246,37.6
762,1996,1257,25.0
763,1996,1266,15.0
764,1996,1268,12.0
765,1996,1269,52.0
766,1996,1272,12.0
767,1996,1276,4.0
768,1997,1285,81.0
769,1997,1293,3.0
770,1997,1298,38.0
771,1997,1307,24.0
772,1997,1314,21.0
773,1997,1328,19.0
774,1997,1330,4.0
775,1997,1334,14.0
776,1997,1343,10.0
777,1997,1344,16.666666666666668
778,1997,1345,28.0
779,1997,1348,7.0
780,1997,1112,42.2
781,1997,1375,32.0
782,1997,1376,13.0
783,1997,1130,14.0
784,1997,1386,44.0
785,1997,1131,29.0
786,1997,1388,22.0
787,1997,1390,30.0
788,1997,1139,17.0
789,1997,1396,65.0
790,1997,1143,32.0
791,1997,1400,18.5
792,1997,1402,65.0
793,1997,1149,48.0
794,1997,1150,38.0
795,1997,1151,26.0
796,1997,1153,13.0
797,1997,1409,18.0
798,1997,1155,47.0
799,1997,1158,32.0
800,1997,1160,54.0
801,1997,1417,30.0
802,1997,1164,14.0
803,1997,1425,13.0
804,1997,1428,37.333333333333336
805,1997,1434,7.0
806,1997,1435,12.0
807,1997,1437,10.0
808,1997,1181,39.0
809,1997,1438,13.0
810,1997,1448,19.0
811,1997,1193,54.0
812,1997,1458,14.0
813,1997,1462,48.0
814,1997,1207,12.0
815,1997,1208,15.0
816,1997,1228,15.0
817,1997,1229,13.0
818,1997,1231,18.0
819,1997,1234,81.0
820,1997,1235,32.5
821,1997,1238,28.0
822,1997,1242,19.5
823,1997,1246,32.4
824,1997,1254,10.0
825,1997,1257,24.0
826,1997,1266,39.0
827,1997,1268,9.0
828,1997,1269,24.0
829,1997,1275,18.0
830,1997,1278,42.25
831,1997,1279,22.0
832,1998,1293,34.0
833,1998,1298,72.0
834,1998,1304,9.0
835,1998,1307,12.0
836,1998,1311,80.0
837,1998,1314,27.5
838,1998,1319,3.0
839,1998,1328,7.0
840,1998,1329,55.0
841,1998,1341,58.0
842,1998,1343,19.0
843,1998,1345,20.0
844,1998,1347,55.0
845,1998,1348,34.333333333333336
846,1998,1350,16.0
847,1998,1354,80.0
848,1998,1362,57.0
849,1998,1112,26.0
850,1998,1116,57.0
851,1998,1375,13.0
852,1998,1376,1.0
853,1998,1385,2.0
854,1998,1387,80.0
855,1998,1390,42.75
856,1998,1393,36.0
857,1998,1395,9.0
858,1998,1396,31.0
859,1998,1397,1.0
860,1998,1139,17.0
861,1998,1150,72.0
862,1998,1153,31.0
863,1998,1155,3.0
864,1998,1158,38.0
865,1998,1417,49.5
866,1998,1163,31.666666666666668
867,1998,1424,12.0
868,1998,1428,54.4
869,1998,1172,19.0
870,1998,1429,20.0
871,1998,1174,54.0
872,1998,1178,54.0
873,1998,1434,21.5
874,1998,1181,35.666666666666664
875,1998,1185,19.0
876,1998,1444,38.0
877,1998,1192,19.0
878,1998,1449,10.0
879,1998,1452,30.0
880,1998,1199,7.0
881,1998,1203,15.0
882,1998,1462,16.0
883,1998,1227,15.0
884,1998,1228,20.0
885,1998,1229,80.0
886,1998,1231,19.0
887,1998,1233,12.0
888,1998,1242,34.0
889,1998,1246,32.2
890,1998,1268,46.5
891,1998,1269,5.0
892,1998,1274,6.0
893,1998,1276,6.0
894,1998,1277,42.0
895,1998,1279,7.0
896,1999,1281,2.0
897,1999,1283,68.0
898,1999,1291,46.0
899,1999,1293,56.0
900,1999,1307,71.0
901,1999,1308,41.0
902,1999,1314,2.0
903,1999,1326,46.25
904,1999,1328,28.5
905,1999,1329,46.0
906,1999,1335,22.0
907,1999,1345,30.0
908,1999,1348,11.0
909,1999,1359,65.0
910,1999,1108,12.0
911,1999,1112,14.0
912,1999,1116,23.0
913,1999,1373,14.0
914,1999,1117,22.0
915,1999,1120,32.0
916,1999,1385,36.666666666666664
917,1999,1390,21.0
918,1999,1393,8.0
919,1999,1396,54.666666666666664
920,1999,1397,41.0
921,1999,1400,14.0
922,1999,1150,14.0
923,1999,1153,39.0
924,1999,1409,126.0
925,1999,1412,23.0
926,1999,1158,9.0
927,1999,1417,3.0
928,1999,1163,45.6
929,1999,1166,34.0
930,1999,1427,71.0
931,1999,1428,9.0
932,1999,1174,10.0
933,1999,1178,56.0
934,1999,1434,34.0
935,1999,1181,41.2
936,1999,1437,2.0
937,1999,1191,21.0
938,1999,1449,9.0
939,1999,1451,22.0
940,1999,1196,11.5
941,1999,1197,126.0
942,1999,1457,46.0
943,1999,1458,41.0
944,1999,1203,20.0
945,1999,1206,24.0
946,1999,1211,35.0
947,1999,1231,65.0
948,1999,1234,42.5
949,1999,1242,41.0
950,1999,1245,39.0
951,1999,1246,25.333333333333332
952,1999,1248,21.0
953,1999,1257,4.0
954,1999,1268,34.5
955,1999,1274,14.0
956,1999,1275,31.5
957,1999,1277,45.75
958,1999,1278,21.0
959,1999,1279,46.0
960,2000,1281,30.0
961,2000,1314,33.25
962,2000,1319,5.0
963,2000,1326,17.0
964,2000,1328,14.0
965,2000,1329,24.666666666666668
966,2000,1332,3.0
967,2000,1335,10.0
968,2000,1337,30.0
969,2000,1345,25.0
970,2000,1354,19.0
971,2000,1359,16.0
972,2000,1111,26.0
973,2000,1112,34.0
974,2000,1369,8.0
975,2000,1371,28.0
976,2000,1116,17.0
977,2000,1120,53.0
978,2000,1123,43.0
979,2000,1382,5.0
980,2000,1385,17.0
981,2000,1387,3.0
982,2000,1390,30.0
983,2000,1393,48.5
984,2000,1139,51.0
985,2000,1396,3.0
986,2000,1397,19.0
987,2000,1400,8.0
988,2000,1148,53.0
989,2000,1153,44.0
990,2000,1409,21.333333333333332
991,2000,1417,34.0
992,2000,1418,19.0
993,2000,1163,19.0
994,2000,1166,3.0
995,2000,1423,17.0
996,2000,1424,44.0
997,2000,1428,92.0
998,2000,1173,14.0
999,2000,1429,8.0
1000,2000,1177,4.0
1001,2000,1434,92.0
1002,2000,1181,27.5
1003,2000,1196,38.8
1004,2000,1457,24.0
1005,2000,1458,34.5
1006,2000,1201,34.0
1007,2000,1211,9.5
1008,2000,1220,30.0
1009,2000,1228,51.0
1010,2000,1231,20.0
1011,2000,1232,16.0
1012,2000,1233,15.0
1013,2000,1235,46.0
1014,2000,1238,24.0
1015,2000,1242,32.0
1016,2000,1246,16.0
1017,2000,1248,26.0
1018,2000,1249,32.0
1019,2000,1257,17.0
1020,2000,1261,25.0
1021,2000,1268,43.0
1022,2000,1274,35.0
1023,2000,1277,31.4
1024,2001,1281,100.0
1025,2001,1284,100.0
1026,2001,1314,18.0
1027,2001,1322,76.0
1028,2001,1323,5.0
1029,2001,1326,9.0
1030,2001,1328,2.0
1031,2001,1329,22.0
1032,2001,1336,34.5
1033,2001,1343,22.0
1034,2001,1344,18.0
1035,2001,1106,72.0
1036,2001,1112,53.8
1037,2001,1116,21.0
1038,2001,1381,3.0
1039,2001,1130,22.0
1040,2001,1386,49.0
1041,2001,1390,32.666666666666664
1042,2001,1393,53.0
1043,2001,1139,81.0
1044,2001,1396,34.333333333333336
1045,2001,1140,48.0
1046,2001,1397,7.0
1047,2001,1143,12.0
1048,2001,1400,47.0
1049,2001,1150,76.0
1050,2001,1153,26.5
1051,2001,1417,54.5
1052,2001,1166,13.0
1053,2001,1422,49.0
1054,2001,1425,40.0
1055,2001,1169,53.0
1056,2001,1429,38.0
1057,2001,1181,37.8
1058,2001,1438,18.0
1059,2001,1183,81.0
1060,2001,1443,13.0
1061,2001,1448,16.0
1062,2001,1196,47.0
1063,2001,1201,72.0
1064,2001,1457,4.0
1065,2001,1458,1.0
1066,2001,1206,46.0
1067,2001,1207,23.5
1068,2001,1462,12.0
1069,2001,1209,46.0
1070,2001,1208,2.0
1071,2001,1211,37.0
1072,2001,1210,4.0
1073,2001,1214,21.0
1074,2001,1218,10.0
1075,2001,1220,38.0
1076,2001,1221,17.0
1077,2001,1228,36.25
1078,2001,1231,4.0
1079,2001,1232,18.0
1080,2001,1233,5.0
1081,2001,1234,17.0
1082,2001,1235,1.0
1083,2001,1242,43.0
1084,2001,1245,48.0
1085,2001,1246,17.5
1086,2001,1268,42.75
1087,2001,1277,39.5
1088,2001,1279,46.5
1089,2002,1280,17.0
1090,2002,1281,26.333333333333332
1091,2002,1285,26.0
1092,2002,1293,17.0
1093,2002,1301,26.0
1094,2002,1323,54.0
1095,2002,1326,38.0
1096,2002,1328,28.25
1097,2002,1329,26.0
1098,2002,1332,27.333333333333332
1099,2002,1335,7.0
1100,2002,1337,9.0
1101,2002,1338,16.5
1102,2002,1356,21.5
1103,2002,1104,26.0
1104,2002,1361,41.0
1105,2002,1108,4.0
1106,2002,1364,13.0
1107,2002,1112,27.5
1108,2002,1373,84.0
1109,2002,1385,10.0
1110,2002,1130,17.0
1111,2002,1131,38.0
1112,2002,1390,56.0
1113,2002,1143,30.0
1114,2002,1400,19.0
1115,2002,1403,10.0
1116,2002,1148,30.0
1117,2002,1150,19.0
1118,2002,1409,20.0
1119,2002,1153,26.0
1120,2002,1417,38.0
1121,2002,1163,35.0
1122,2002,1166,41.0
1123,2002,1423,50.0
1124,2002,1425,4.0
1125,2002,1428,50.0
1126,2002,1172,5.0
1127,2002,1434,20.0
1128,2002,1181,34.5
1129,2002,1443,16.0
1130,2002,1448,26.0
1131,2002,1194,8.0
1132,2002,1196,1.0
1133,2002,1457,54.0
1134,2002,1458,84.0
1135,2002,1461,13.0
1136,2002,1462,48.0
1137,2002,1208,10.0
1138,2002,1211,7.0
1139,2002,1214,26.0
1140,2002,1218,12.0
1141,2002,1221,56.0
1142,2002,1227,48.0
1143,2002,1228,28.5
1144,2002,1231,43.2
1145,2002,1242,41.75
1146,2002,1245,29.333333333333332
1147,2002,1246,43.0
1148,2002,1266,2.0
1149,2002,1268,27.666666666666668
1150,2002,1270,12.0
1151,2002,1274,38.0
1152,2002,1277,11.0
1153,2002,1279,26.0
1154,2003,1280,9.0
1155,2003,1281,30.0
1156,2003,1301,2.0
1157,2003,1323,26.0
1158,2003,1328,21.666666666666668
1159,2003,1329,54.0
1160,2003,1332,2.0
1161,2003,1335,14.0
1162,2003,1338,17.5
1163,2003,1345,44.0
1164,2003,1354,37.0
1165,2003,1356,1.0
1166,2003,1358,30.0
1167,2003,1360,8.0
1168,2003,1104,5.0
1169,2003,1112,29.666666666666668
1170,2003,1113,75.0
1171,2003,1120,28.5
1172,2003,1122,22.0
1173,2003,1386,8.0
1174,2003,1390,16.0
1175,2003,1393,35.6
1176,2003,1139,29.5
1177,2003,1140,16.0
1178,2003,1141,36.0
1179,2003,1143,37.0
1180,2003,1400,28.2
1181,2003,1407,12.0
1182,2003,1409,8.0
1183,2003,1153,5.0
1184,2003,1411,8.0
1185,2003,1160,39.0
1186,2003,1161,36.0
1187,2003,1163,26.0
1188,2003,1421,44.0
1189,2003,1166,6.0
1190,2003,1423,15.0
1191,2003,1428,57.0
1192,2003,1429,75.0
1193,2003,1173,13.0
1194,2003,1436,47.0
1195,2003,1181,40.5
1196,2003,1443,5.0
1197,2003,1190,3.0
1198,2003,1447,48.0
1199,2003,1448,8.0
1200,2003,1451,8.0
1201,2003,1196,39.0
1202,2003,1454,9.0
1203,2003,1458,35.0
1204,2003,1462,15.0
1205,2003,1211,47.0
1206,2003,1221,30.0
1207,2003,1228,9.0
1208,2003,1231,48.0
1209,2003,1237,57.0
1210,2003,1242,36.0
1211,2003,1246,13.333333333333334
1212,2003,1257,9.0
1213,2003,1261,24.0
1214,2003,1264,54.0
1215,2003,1266,45.25
1216,2003,1268,25.5
1217,2003,1272,13.0
1218,2003,1277,29.666666666666668
1219,2004,1280,33.0
1220,2004,1284,33.0
1221,2004,1293,43.0
1222,2004,1301,15.0
1223,2004,1305,25.0
1224,2004,1314,20.0
1225,2004,1320,23.0
1226,2004,1329,20.0
1227,2004,1334,66.0
1228,2004,1338,31.0
1229,2004,1343,20.0
1230,2004,1344,8.0
1231,2004,1350,12.0
1232,2004,1356,13.0
1233,2004,1102,11.0
1234,2004,1104,37.666666666666664
1235,2004,1106,76.0
1236,2004,1112,4.0
1237,2004,1371,76.0
1238,2004,1376,16.0
1239,2004,1386,19.333333333333332
1240,2004,1130,23.0
1241,2004,1390,13.0
1242,2004,1393,8.0
1243,2004,1140,7.0
1244,2004,1400,22.0
1245,2004,1403,28.0
1246,2004,1150,3.0
1247,2004,1153,43.0
1248,2004,1412,43.0
1249,2004,1416,13.0
1250,2004,1418,9.0
1251,2004,1163,26.8
1252,2004,1427,26.0
1253,2004,1428,7.0
1254,2004,1173,7.0
1255,2004,1431,3.0
1256,2004,1177,80.0
1257,2004,1433,5.0
1258,2004,1435,44.5
1259,2004,1434,27.0
1260,2004,1181,40.0
1261,2004,1436,80.0
1262,2004,1186,50.0
1263,2004,1444,15.0
1264,2004,1190,3.0
1265,2004,1448,21.5
1266,2004,1449,3.0
1267,2004,1196,15.0
1268,2004,1197,20.0
1269,2004,1458,13.0
1270,2004,1462,43.0
1271,2004,1210,45.6
1272,2004,1211,25.0
1273,2004,1227,66.0
1274,2004,1228,39.5
1275,2004,1242,11.333333333333334
1276,2004,1246,9.0
1277,2004,1250,15.0
1278,2004,1251,28.0
1279,2004,1257,33.0
1280,2004,1264,5.0
1281,2004,1268,7.0
1282,2004,1272,50.0
1283,2004,1277,25.0
1284,2005,1280,19.0
1285,2005,1285,29.0
1286,2005,1301,14.5
1287,2005,1305,54.0
1288,2005,1307,19.0
1289,2005,1310,17.0
1290,2005,1314,25.333333333333332
1291,2005,1320,23.0
1292,2005,1324,83.0
1293,2005,1325,5.0
1294,2005,1328,15.0
1295,2005,1329,22.5
1296,2005,1330,35.0
1297,2005,1334,29.0
1298,2005,1335,20.0
1299,2005,1338,8.0
1300,2005,1356,21.0
1301,2005,1104,18.0
1302,2005,1105,10.0
1303,2005,1112,29.666666666666668
1304,2005,1368,21.0
1305,2005,1130,18.0
1306,2005,1388,9.0
1307,2005,1390,23.0
1308,2005,1137,23.0
1309,2005,1393,3.0
1310,2005,1400,4.0
1311,2005,1403,11.5
1312,2005,1150,15.0
1313,2005,1151,16.0
1314,2005,1153,27.0
1315,2005,1412,36.0
1316,2005,1416,6.0
1317,2005,1417,14.0
1318,2005,1418,50.0
1319,2005,1163,15.0
1320,2005,1166,13.0
1321,2005,1428,22.0
1322,2005,1429,36.0
1323,2005,1431,15.0
1324,2005,1175,19.0
1325,2005,1436,35.0
1326,2005,1181,29.0
1327,2005,1437,44.0
1328,2005,1184,27.0
1329,2005,1448,13.0
1330,2005,1449,29.0
1331,2005,1192,54.0
1332,2005,1452,26.666666666666668
1333,2005,1196,19.0
1334,2005,1454,37.0
1335,2005,1457,10.0
1336,2005,1458,33.0
1337,2005,1203,12.0
1338,2005,1210,50.0
1339,2005,1211,14.0
1340,2005,1228,38.2
1341,2005,1234,12.0
1342,2005,1235,83.0
1343,2005,1242,1.0
1344,2005,1246,20.666666666666668
1345,2005,1257,27.0
1346,2005,1261,14.0
1347,2005,1277,33.0
1348,2005,1278,11.0
1349,2006,1284,18.0
1350,2006,1285,25.0
1351,2006,1293,4.0
1352,2006,1301,32.0
1353,2006,1305,8.0
1354,2006,1314,25.0
1355,2006,1320,23.0
1356,2006,1322,31.0
1357,2006,1326,23.0
1358,2006,1328,8.0
1359,2006,1331,48.0
1360,2006,1334,25.0
1361,2006,1335,32.0
1362,2006,1338,10.0
1363,2006,1356,31.0
1364,2006,1102,9.0
1365,2006,1104,58.0
1366,2006,1361,4.0
1367,2006,1107,23.0
1368,2006,1112,18.0
1369,2006,1371,27.0
1370,2006,1116,4.0
1371,2006,1375,96.0
1372,2006,1380,29.0
1373,2006,1125,58.0
1374,2006,1130,13.0
1375,2006,1133,31.5
1376,2006,1137,48.0
1377,2006,1393,8.0
1378,2006,1397,27.0
1379,2006,1143,6.0
1380,2006,1400,24.0
1381,2006,1401,35.0
1382,2006,1412,5.0
1383,2006,1417,39.6
1384,2006,1163,15.666666666666666
1385,2006,1423,3.0
1386,2006,1172,8.0
1387,2006,1429,17.0
1388,2006,1181,19.0
1389,2006,1437,40.5
1390,2006,1449,16.0
1391,2006,1196,26.4
1392,2006,1452,16.5
1393,2006,1454,96.0
1394,2006,1455,13.5
1395,2006,1457,2.0
1396,2006,1458,19.0
1397,2006,1203,29.0
1398,2006,1206,37.5
1399,2006,1207,52.0
1400,2006,1462,14.0
1401,2006,1211,31.0
1402,2006,1214,22.0
1403,2006,1228,17.0
1404,2006,1231,14.0
1405,2006,1233,35.0
1406,2006,1234,1.0
1407,2006,1242,10.0
1408,2006,1245,15.0
1409,2006,1246,23.0
1410,2006,1261,31.75
1411,2006,1266,5.0
1412,2006,1272,24.0
1413,2006,1277,25.0
1414,2007,1305,32.0
1415,2007,1308,12.0
1416,2007,1310,55.0
1417,2007,1314,31.0
1418,2007,1317,32.0
1419,2007,1323,10.0
1420,2007,1326,40.4
1421,2007,1330,14.0
1422,2007,1331,16.0
1423,2007,1332,35.0
1424,2007,1335,19.0
1425,2007,1338,28.5
1426,2007,1345,85.0
1427,2007,1356,28.5
1428,2007,1107,27.0
1429,2007,1112,9.0
1430,2007,1116,36.0
1431,2007,1125,45.0
1432,2007,1130,45.0
1433,2007,1390,20.0
1434,2007,1394,13.0
1435,2007,1139,48.5
1436,2007,1140,2.0
1437,2007,1397,39.5
1438,2007,1400,36.0
1439,2007,1401,26.0
1440,2007,1403,9.0
1441,2007,1148,52.0
1442,2007,1417,44.75
1443,2007,1166,6.0
1444,2007,1424,16.5
1445,2007,1425,28.5
1446,2007,1172,12.0
1447,2007,1433,26.0
1448,2007,1435,30.5
1449,2007,1181,2.0
1450,2007,1438,38.0
1451,2007,1439,25.0
1452,2007,1437,9.0
1453,2007,1184,45.0
1454,2007,1450,37.0
1455,2007,1451,55.0
1456,2007,1196,30.0
1457,2007,1197,8.0
1458,2007,1457,20.0
1459,2007,1458,10.0
1460,2007,1203,37.0
1461,2007,1460,26.0
1462,2007,1462,52.0
1463,2007,1207,35.75
1464,2007,1210,10.0
1465,2007,1211,13.0
1466,2007,1221,25.0
1467,2007,1228,2.0
1468,2007,1231,55.0
1469,2007,1238,85.0
1470,2007,1242,24.25
1471,2007,1246,55.0
1472,2007,1253,38.0
1473,2007,1257,19.0
1474,2007,1266,12.0
1475,2007,1268,14.0
1476,2007,1272,25.666666666666668
1477,2007,1275,20.0
1478,2007,1277,45.0
1479,2008,1280,78.0
1480,2008,1290,72.0
1481,2008,1291,101.0
1482,2008,1314,45.2
1483,2008,1323,51.0
1484,2008,1328,67.0
1485,2008,1331,19.0
1486,2008,1332,7.0
1487,2008,1338,22.0
1488,2008,1340,85.0
1489,2008,1345,23.0
1490,2008,1360,11.0
1491,2008,1110,20.0
1492,2008,1112,16.0
1493,2008,1116,101.0
1494,2008,1373,18.0
1495,2008,1375,20.0
1496,2008,1122,43.0
1497,2008,1124,11.0
1498,2008,1125,1.0
1499,2008,1129,67.0
1500,2008,1386,8.0
1501,2008,1388,14.0
1502,2008,1390,25.5
1503,2008,1139,20.0
1504,2008,1396,22.0
1505,2008,1397,43.5
1506,2008,1140,5.0
1507,2008,1400,39.0
1508,2008,1401,72.0
1509,2008,1155,18.0
1510,2008,1417,29.25
1511,2008,1163,1.0
1512,2008,1164,9.0
1513,2008,1165,25.0
1514,2008,1420,19.0
1515,2008,1424,85.0
1516,2008,1168,32.0
1517,2008,1425,13.0
1518,2008,1426,78.0
1519,2008,1172,45.333333333333336
1520,2008,1435,21.0
1521,2008,1179,11.0
1522,2008,1181,16.0
1523,2008,1437,53.0
1524,2008,1443,36.5
1525,2008,1450,59.5
1526,2008,1452,12.0
1527,2008,1457,51.0
1528,2008,1458,20.0
1529,2008,1462,33.0
1530,2008,1207,27.0
1531,2008,1206,18.0
1532,2008,1208,23.0
1533,2008,1211,27.0
1534,2008,1231,14.0
1535,2008,1242,47.4
1536,2008,1243,32.0
1537,2008,1245,13.0
1538,2008,1246,8.0
1539,2008,1257,43.0
1540,2008,1266,25.0
1541,2008,1272,45.8
1542,2008,1274,43.0
1543,2008,1277,48.5
1544,2009,1280,13.0
1545,2009,1281,44.0
1546,2009,1287,66.0
1547,2009,1288,51.0
1548,2009,1295,27.0
1549,2009,1314,34.8
1550,2009,1320,7.0
1551,2009,1326,2.0
1552,2009,1328,50.0
1553,2009,1329,23.0
1554,2009,1338,29.666666666666668
1555,2009,1340,29.0
1556,2009,1345,57.0
1557,2009,1347,121.0
1558,2009,1352,46.0
1559,2009,1103,15.0
1560,2009,1106,15.0
1561,2009,1110,58.0
1562,2009,1112,40.5
1563,2009,1113,26.0
1564,2009,1372,26.0
1565,2009,1373,66.0
1566,2009,1127,29.0
1567,2009,1130,17.0
1568,2009,1393,30.0
1569,2009,1139,4.0
1570,2009,1140,13.0
1571,2009,1396,9.0
1572,2009,1397,2.0
1573,2009,1143,13.0
1574,2009,1400,29.0
1575,2009,1401,101.0
1576,2009,1151,101.0
1577,2009,1155,3.0
1578,2009,1156,27.0
1579,2009,1417,58.0
1580,2009,1163,25.0
1581,2009,1165,34.0
1582,2009,1425,46.0
1583,2009,1169,30.0
1584,2009,1428,27.0
1585,2009,1173,27.0
1586,2009,1429,1.0
1587,2009,1433,1.0
1588,2009,1181,36.0
1589,2009,1437,43.5
1590,2009,1443,15.0
1591,2009,1190,23.0
1592,2009,1448,15.0
1593,2009,1449,7.0
1594,2009,1452,8.0
1595,2009,1199,2.0
1596,2009,1458,29.0
1597,2009,1462,12.5
1598,2009,1211,62.5
1599,2009,1228,4.0
1600,2009,1242,27.0
1601,2009,1257,22.5
1602,2009,1261,121.0
1603,2009,1266,34.0
1604,2009,1268,30.0
1605,2009,1272,23.5
1606,2009,1276,51.0
1607,2009,1277,66.4
1608,2009,1278,14.0
1609,2010,1281,56.0
1610,2010,1285,5.0
1611,2010,1288,56.0
1612,2010,1293,33.0
1613,2010,1307,20.0
1614,2010,1308,13.0
1615,2010,1317,37.0
1616,2010,1320,14.5
1617,2010,1323,1.0
1618,2010,1324,23.0
1619,2010,1325,21.0
1620,2010,1326,13.0
1621,2010,1329,5.0
1622,2010,1330,40.0
1623,2010,1338,14.0
1624,2010,1345,51.5
1625,2010,1350,16.0
1626,2010,1352,3.0
1627,2010,1358,40.0
1628,2010,1361,21.0
1629,2010,1364,26.0
1630,2010,1115,87.0
1631,2010,1373,10.0
1632,2010,1124,34.666666666666664
1633,2010,1388,21.5
1634,2010,1393,20.0
1635,2010,1139,36.6
1636,2010,1140,37.0
1637,2010,1397,17.666666666666668
1638,2010,1396,31.0
1639,2010,1143,87.0
1640,2010,1400,1.0
1641,2010,1401,10.0
1642,2010,1155,8.0
1643,2010,1165,40.0
1644,2010,1424,5.0
1645,2010,1429,16.0
1646,2010,1431,33.0
1647,2010,1435,1.0
1648,2010,1436,45.0
1649,2010,1437,16.0
1650,2010,1181,28.5
1651,2010,1190,76.0
1652,2010,1448,76.0
1653,2010,1449,30.5
1654,2010,1452,47.75
1655,2010,1196,7.0
1656,2010,1199,7.0
1657,2010,1457,17.0
1658,2010,1458,31.0
1659,2010,1459,4.0
1660,2010,1462,30.0
1661,2010,1207,14.0
1662,2010,1210,26.0
1663,2010,1211,45.0
1664,2010,1222,12.0
1665,2010,1242,5.0
1666,2010,1243,18.0
1667,2010,1246,29.333333333333332
1668,2010,1250,16.0
1669,2010,1257,15.0
1670,2010,1266,20.0
1671,2010,1268,13.0
1672,2010,1277,17.75
1673,2010,1278,14.0
1674,2011,1281,15.0
1675,2011,1287,20.0
1676,2011,1294,25.0
1677,2011,1314,12.333333333333334
1678,2011,1323,21.0
1679,2011,1324,4.0
1680,2011,1326,10.666666666666666
1681,2011,1330,21.0
1682,2011,1336,2.0
1683,2011,1338,12.5
1684,2011,1343,19.0
1685,2011,1345,60.0
1686,2011,1350,27.0
1687,2011,1103,13.0
1688,2011,1361,32.0
1689,2011,1106,9.0
1690,2011,1364,45.0
1691,2011,1112,36.666666666666664
1692,2011,1114,4.0
1693,2011,1125,19.0
1694,2011,1385,15.0
1695,2011,1131,53.0
1696,2011,1389,22.0
1697,2011,1393,15.0
1698,2011,1137,62.0
1699,2011,1139,41.8
1700,2011,1140,30.0
1701,2011,1396,25.0
1702,2011,1397,30.0
1703,2011,1400,19.0
1704,2011,1401,21.0
1705,2011,1153,62.0
1706,2011,1155,8.0
1707,2011,1412,18.0
1708,2011,1417,45.0
1709,2011,1163,19.8
1710,2011,1421,23.0
1711,2011,1424,11.0
1712,2011,1425,60.0
1713,2011,1427,61.0
1714,2011,1429,5.0
1715,2011,1433,29.25
1716,2011,1435,20.0
1717,2011,1181,24.5
1718,2011,1437,4.0
1719,2011,1449,36.0
1720,2011,1196,17.666666666666668
1721,2011,1452,18.5
1722,2011,1199,36.5
1723,2011,1458,13.0
1724,2011,1459,30.0
1725,2011,1206,61.0
1726,2011,1462,15.0
1727,2011,1207,60.0
1728,2011,1208,3.0
1729,2011,1211,30.0
1730,2011,1214,44.0
1731,2011,1228,53.0
1732,2011,1232,17.0
1733,2011,1242,30.333333333333332
1734,2011,1243,19.0
1735,2011,1246,41.75
1736,2011,1254,36.0
1737,2011,1257,1.0
1738,2011,1266,26.5
1739,2011,1272,19.0
1740,2011,1276,44.0
1741,2011,1277,2.0
1742,2012,1281,2.0
1743,2012,1285,27.0
1744,2012,1290,1.0
1745,2012,1293,29.0
1746,2012,1301,25.5
1747,2012,1307,27.0
1748,2012,1308,15.0
1749,2012,1313,70.0
1750,2012,1314,15.0
1751,2012,1323,16.0
1752,2012,1325,33.0
1753,2012,1326,23.75
1754,2012,1345,36.0
1755,2012,1355,30.0
1756,2012,1104,1.0
1757,2012,1361,17.0
1758,2012,1378,11.0
1759,2012,1379,6.0
1760,2012,1124,30.333333333333332
1761,2012,1125,15.0
1762,2012,1382,3.0
1763,2012,1387,26.0
1764,2012,1388,3.0
1765,2012,1393,27.0
1766,2012,1140,29.0
1767,2012,1396,25.0
1768,2012,1143,25.0
1769,2012,1400,12.0
1770,2012,1153,25.5
1771,2012,1160,30.0
1772,2012,1161,17.0
1773,2012,1163,13.0
1774,2012,1421,24.0
1775,2012,1166,41.0
1776,2012,1424,4.0
1777,2012,1172,27.0
1778,2012,1433,15.0
1779,2012,1178,36.0
1780,2012,1435,27.0
1781,2012,1436,41.0
1782,2012,1181,5.0
1783,2012,1438,70.0
1784,2012,1443,71.0
1785,2012,1196,19.333333333333332
1786,2012,1452,23.0
1787,2012,1199,12.0
1788,2012,1455,3.0
1789,2012,1458,16.5
1790,2012,1462,17.5
1791,2012,1207,17.0
1792,2012,1211,48.0
1793,2012,1217,9.0
1794,2012,1231,37.0
1795,2012,1233,6.0
1796,2012,1235,71.0
1797,2012,1242,36.0
1798,2012,1243,24.0
1799,2012,1246,20.333333333333332
1800,2012,1249,12.0
1801,2012,1250,16.0
1802,2012,1253,7.0
1803,2012,1254,26.0
1804,2012,1257,43.5
1805,2012,1259,48.0
1806,2012,1266,31.0
1807,2012,1272,7.0
1808,2012,1276,11.0
1809,2012,1277,17.0
1810,2013,1281,12.0
1811,2013,1285,80.0
1812,2013,1292,13.0
1813,2013,1299,97.0
1814,2013,1301,4.0
1815,2013,1307,6.0
1816,2013,1308,20.0
1817,2013,1314,19.0
1818,2013,1322,58.0
1819,2013,1323,18.0
1820,2013,1326,33.333333333333336
1821,2013,1328,15.0
1822,2013,1329,30.0
1823,2013,1332,58.5
1824,2013,1334,33.0
1825,2013,1338,42.0
1826,2013,1355,67.0
1827,2013,1103,46.0
1828,2013,1361,20.0
1829,2013,1107,38.0
1830,2013,1112,18.5
1831,2013,1380,6.0
1832,2013,1125,40.0
1833,2013,1129,13.0
1834,2013,1387,30.0
1835,2013,1388,2.0
1836,2013,1393,27.5
1837,2013,1137,12.0
1838,2013,1139,13.0
1839,2013,1396,27.0
1840,2013,1143,80.0
1841,2013,1153,4.0
1842,2013,1160,8.0
1843,2013,1161,97.0
1844,2013,1417,20.0
1845,2013,1166,38.0
1846,2013,1424,3.0
1847,2013,1172,13.0
1848,2013,1433,67.0
1849,2013,1434,33.0
1850,2013,1181,44.666666666666664
1851,2013,1437,7.0
1852,2013,1443,19.0
1853,2013,1195,36.5
1854,2013,1196,35.666666666666664
1855,2013,1455,36.75
1856,2013,1458,11.0
1857,2013,1207,20.0
1858,2013,1211,42.0
1859,2013,1217,40.0
1860,2013,1228,33.0
1861,2013,1231,32.333333333333336
1862,2013,1233,31.0
1863,2013,1235,31.0
1864,2013,1241,27.0
1865,2013,1242,37.0
1866,2013,1243,13.0
1867,2013,1247,26.5
1868,2013,1251,1.0
1869,2013,1254,13.0
1870,2013,1257,31.666666666666668
1871,2013,1266,41.666666666666664
1872,2013,1272,23.0
1873,2013,1274,10.5
1874,2013,1276,60.0
1875,2013,1277,20.0
1876,2013,1278,58.0
1877,2013,1279,13.0
1878,2014,1291,7.0
1879,2014,1295,23.0
1880,2014,1300,20.0
1881,2014,1301,3.0
1882,2014,1304,44.0
1883,2014,1307,8.0
1884,2014,1308,23.0
1885,2014,1314,20.0
1886,2014,1326,13.0
1887,2014,1328,5.0
1888,2014,1329,8.0
1889,2014,1332,66.0
1890,2014,1338,49.0
1891,2014,1344,2.0
1892,2014,1361,21.5
1893,2014,1107,49.0
1894,2014,1110,66.0
1895,2014,1112,32.333333333333336
1896,2014,1113,2.0
1897,2014,1372,34.0
1898,2014,1124,38.0
1899,2014,1386,47.0
1900,2014,1387,18.5
1901,2014,1390,12.0
1902,2014,1393,13.0
1903,2014,1140,19.0
1904,2014,1397,20.0
1905,2014,1142,27.0
1906,2014,1400,33.0
1907,2014,1153,4.0
1908,2014,1409,34.0
1909,2014,1411,12.0
1910,2014,1157,29.0
1911,2014,1160,29.0
1912,2014,1417,25.5
1913,2014,1418,10.0
1914,2014,1163,26.2
1915,2014,1166,44.0
1916,2014,1173,27.0
1917,2014,1174,24.0
1918,2014,1433,2.0
1919,2014,1437,47.0
1920,2014,1438,14.5
1921,2014,1181,7.0
1922,2014,1184,11.0
1923,2014,1444,24.0
1924,2014,1451,38.0
1925,2014,1196,26.0
1926,2014,1454,20.0
1927,2014,1455,15.0
1928,2014,1458,29.75
1929,2014,1459,33.0
1930,2014,1203,5.0
1931,2014,1462,15.0
1932,2014,1211,38.0
1933,2014,1217,24.0
1934,2014,1234,52.0
1935,2014,1235,24.5
1936,2014,1242,8.0
1937,2014,1243,18.0
1938,2014,1246,39.0
1939,2014,1257,10.5
1940,2014,1264,22.0
1941,2014,1269,52.0
1942,2014,1272,29.0
1943,2014,1273,52.0
1944,2014,1276,24.0
1945,2014,1277,26.666666666666668
1946,2015,1295,41.0
1947,2015,1301,33.0
1948,2015,1308,19.0
1949,2015,1314,22.5
1950,2015,1316,4.0
1951,2015,1318,18.0
1952,2015,1320,25.0
1953,2015,1323,34.333333333333336
1954,2015,1326,44.0
1955,2015,1328,18.5
1956,2015,1329,6.0
1957,2015,1332,42.0
1958,2015,1344,14.0
1959,2015,1345,1.0
1960,2015,1352,93.0
1961,2015,1361,93.0
1962,2015,1107,15.0
1963,2015,1112,24.0
1964,2015,1116,11.0
1965,2015,1372,18.0
1966,2015,1374,18.0
1967,2015,1124,1.0
1968,2015,1125,12.0
1969,2015,1129,14.0
1970,2015,1385,12.0
1971,2015,1138,16.0
1972,2015,1139,18.0
1973,2015,1140,4.0
1974,2015,1400,8.0
1975,2015,1153,77.0
1976,2015,1411,44.0
1977,2015,1412,18.0
1978,2015,1157,42.0
1979,2015,1414,25.0
1980,2015,1417,21.0
1981,2015,1428,51.5
1982,2015,1173,15.0
1983,2015,1172,31.0
1984,2015,1433,3.0
1985,2015,1434,3.0
1986,2015,1437,4.0
1987,2015,1181,23.333333333333332
1988,2015,1438,23.0
1989,2015,1186,10.0
1990,2015,1452,40.0
1991,2015,1455,18.5
1992,2015,1458,46.2
1993,2015,1459,3.0
1994,2015,1461,17.0
1995,2015,1462,16.333333333333332
1996,2015,1207,18.0
1997,2015,1208,23.0
1998,2015,1209,27.0
1999,2015,1211,47.333333333333336
2000,2015,1214,77.0
2001,2015,1217,11.0
2002,2015,1231,18.0
2003,2015,1234,41.0
2004,2015,1235,1.0
2005,2015,1242,18.0
2006,2015,1246,17.4
2007,2015,1248,41.0
2008,2015,1257,14.666666666666666
2009,2015,1261,4.0
2010,2015,1264,10.0
2011,2015,1268,16.0
2012,2015,1277,36.25
2013,2015,1279,27.0
2014,2016,1292,53.0
2015,2016,1314,42.166666666666664
2016,2016,1320,31.0
2017,2016,1323,26.75
2018,2016,1328,55.25
2019,2016,1332,16.25
2020,2016,1333,8.0
2021,2016,1338,7.0
2022,2016,1344,81.0
2023,2016,1345,2.0
2024,2016,1355,18.0
2025,2016,1112,30.0
2026,2016,1114,30.0
2027,2016,1371,39.0
2028,2016,1372,13.0
2029,2016,1122,54.0
2030,2016,1380,4.0
2031,2016,1124,4.0
2032,2016,1386,58.0
2033,2016,1392,28.0
2034,2016,1393,46.5
2035,2016,1138,15.0
2036,2016,1139,57.0
2037,2016,1396,2.0
2038,2016,1143,11.0
2039,2016,1400,3.0
2040,2016,1401,23.5
2041,2016,1403,10.0
2042,2016,1151,31.0
2043,2016,1409,5.0
2044,2016,1153,2.0
2045,2016,1160,7.0
2046,2016,1163,54.0
2047,2016,1421,124.0
2048,2016,1423,15.0
2049,2016,1167,44.0
2050,2016,1425,1.0
2051,2016,1428,39.0
2052,2016,1173,53.0
2053,2016,1433,44.0
2054,2016,1435,30.0
2055,2016,1181,31.0
2056,2016,1438,31.0
2057,2016,1437,39.2
2058,2016,1192,31.0
2059,2016,1195,81.0
2060,2016,1452,14.0
2061,2016,1453,31.0
2062,2016,1451,18.0
2063,2016,1455,15.0
2064,2016,1201,11.0
2065,2016,1458,15.5
2066,2016,1462,7.0
2067,2016,1463,15.0
2068,2016,1211,32.0
2069,2016,1214,57.0
2070,2016,1218,18.0
2071,2016,1221,58.0
2072,2016,1231,54.5
2073,2016,1233,30.0
2074,2016,1234,124.0
2075,2016,1235,29.5
2076,2016,1242,49.666666666666664
2077,2016,1246,31.0
2078,2016,1268,32.5
2079,2016,1274,77.0
2080,2016,1276,13.0
2081,2016,1277,9.0
2082,2017,1291,20.0
2083,2017,1292,21.0
2084,2017,1297,23.0
2085,2017,1300,4.0
2086,2017,1305,11.0
2087,2017,1308,22.0
2088,2017,1309,1.0
2089,2017,1314,28.2
2090,2017,1315,27.0
2091,2017,1321,57.0
2092,2017,1323,18.0
2093,2017,1329,5.0
2094,2017,1332,43.5
2095,2017,1343,2.0
2096,2017,1344,5.0
2097,2017,1345,50.5
2098,2017,1348,34.0
2099,2017,1355,57.0
2100,2017,1112,23.0
2101,2017,1371,6.0
2102,2017,1116,67.0
2103,2017,1374,5.0
2104,2017,1376,35.75
2105,2017,1124,29.5
2106,2017,1388,27.0
2107,2017,1137,18.0
2108,2017,1139,38.0
2109,2017,1407,22.0
2110,2017,1153,18.0
2111,2017,1411,67.0
2112,2017,1413,90.0
2113,2017,1417,18.5
2114,2017,1166,12.0
2115,2017,1423,5.0
2116,2017,1425,22.0
2117,2017,1173,6.0
2118,2017,1433,8.0
2119,2017,1435,2.0
2120,2017,1436,14.0
2121,2017,1437,7.0
2122,2017,1438,42.0
2123,2017,1181,54.0
2124,2017,1439,13.0
2125,2017,1190,42.0
2126,2017,1448,7.0
2127,2017,1195,6.0
2128,2017,1196,24.0
2129,2017,1452,29.5
2130,2017,1199,38.0
2131,2017,1455,23.0
2132,2017,1457,21.0
2133,2017,1458,31.0
2134,2017,1462,30.0
2135,2017,1211,35.8
2136,2017,1233,34.0
2137,2017,1235,14.0
2138,2017,1240,15.0
2139,2017,1242,18.0
2140,2017,1243,14.0
2141,2017,1245,29.0
2142,2017,1246,34.0
2143,2017,1257,5.0
2144,2017,1266,54.0
2145,2017,1268,38.0
2146,2017,1274,20.0
2147,2017,1276,24.5
2148,2017,1277,90.0
2149,2017,1278,9.0
2150,2018,1281,33.0
2151,2018,1285,58.0
2152,2018,1293,40.0
2153,2018,1300,18.0
2154,2018,1301,11.0
2155,2018,1305,17.5
2156,2018,1308,42.0
2157,2018,1314,25.0
2158,2018,1326,10.0
2159,2018,1328,5.0
2160,2018,1335,28.0
2161,2018,1344,25.0
2162,2018,1345,21.5
2163,2018,1347,106.0
2164,2018,1348,51.0
2165,2018,1355,8.0
2166,2018,1104,106.0
2167,2018,1361,2.0
2168,2018,1112,21.0
2169,2018,1113,11.0
2170,2018,1371,28.0
2171,2018,1372,26.0
2172,2018,1116,17.0
2173,2018,1120,42.0
2174,2018,1382,15.0
2175,2018,1393,27.5
2176,2018,1138,25.0
2177,2018,1139,29.0
2178,2018,1137,4.0
2179,2018,1397,20.0
2180,2018,1395,11.0
2181,2018,1400,6.0
2182,2018,1401,38.0
2183,2018,1403,50.0
2184,2018,1153,6.0
2185,2018,1411,19.0
2186,2018,1155,16.0
2187,2018,1158,4.0
2188,2018,1417,7.0
2189,2018,1420,20.0
2190,2018,1422,10.0
2191,2018,1166,20.0
2192,2018,1168,29.0
2193,2018,1172,25.0
2194,2018,1181,14.666666666666666
2195,2018,1437,27.5
2196,2018,1438,20.0
2197,2018,1439,3.0
2198,2018,1196,16.5
2199,2018,1452,56.0
2200,2018,1199,29.0
2201,2018,1455,6.0
2202,2018,1460,26.0
2203,2018,1462,25.5
2204,2018,1209,15.0
2205,2018,1211,20.5
2206,2018,1222,58.0
2207,2018,1233,51.0
2208,2018,1242,52.5
2209,2018,1243,21.666666666666668
2210,2018,1246,20.5
2211,2018,1252,18.0
2212,2018,1254,10.0
2213,2018,1260,27.5
2214,2018,1267,40.0
2215,2018,1274,20.0
2216,2018,1276,37.2
2217,2018,1277,11.0
2218,2019,1280,4.0
2219,2019,1285,34.0
2220,2019,1293,35.0
2221,2019,1295,26.0
2222,2019,1297,70.0
2223,2019,1300,4.0
2224,2019,1305,9.0
2225,2019,1308,38.0
2226,2019,1314,27.5
2227,2019,1318,34.0
2228,2019,1326,44.0
2229,2019,1328,45.0
2230,2019,1330,44.0
2231,2019,1332,25.5
2232,2019,1341,6.0
2233,2019,1345,20.666666666666668
2234,2019,1101,45.0
2235,2019,1113,17.0
2236,2019,1371,16.0
2237,2019,1120,40.25
2238,2019,1124,64.0
2239,2019,1125,2.0
2240,2019,1385,9.0
2241,2019,1387,23.0
2242,2019,1388,4.0
2243,2019,1133,49.0
2244,2019,1393,9.0
2245,2019,1138,39.5
2246,2019,1396,11.0
2247,2019,1397,25.5
2248,2019,1403,41.8
2249,2019,1153,7.0
2250,2019,1414,37.0
2251,2019,1159,13.0
2252,2019,1416,26.0
2253,2019,1429,17.0
2254,2019,1433,15.0
2255,2019,1436,35.0
2256,2019,1437,44.0
2257,2019,1181,22.75
2258,2019,1438,42.4
2259,2019,1439,15.0
2260,2019,1192,64.0
2261,2019,1449,37.0
2262,2019,1196,34.0
2263,2019,1199,41.5
2264,2019,1458,37.0
2265,2019,1459,45.0
2266,2019,1205,45.0
2267,2019,1463,7.0
2268,2019,1209,44.0
2269,2019,1211,30.0
2270,2019,1222,24.0
2271,2019,1233,37.0
2272,2019,1234,13.0
2273,2019,1235,3.0
2274,2019,1242,38.0
2275,2019,1243,6.0
2276,2019,1246,32.666666666666664
2277,2019,1251,23.0
2278,2019,1257,10.0
2279,2019,1261,25.5
2280,2019,1266,19.0
2281,2019,1268,9.0
2282,2019,1276,39.5
2283,2019,1277,28.25
2284,2019,1278,49.0
2285,2019,1279,23.0
2286,2021,1281,4.0
2287,2021,1287,17.0
2288,2021,1291,8.0
2289,2021,1313,99.0
2290,2021,1314,23.0
2291,2021,1317,33.0
2292,2021,1325,15.0
2293,2021,1326,6.0
2294,2021,1328,99.0
2295,2021,1329,31.0
2296,2021,1331,13.0
2297,2021,1332,38.0
2298,2021,1333,29.666666666666668
2299,2021,1345,9.0
2300,2021,1353,56.0
2301,2021,1101,49.0
2302,2021,1104,29.0
2303,2021,1361,19.0
2304,2021,1364,15.0
2305,2021,1111,1.0
2306,2021,1116,36.666666666666664
2307,2021,1124,46.4
2308,2021,1382,15.0
2309,2021,1393,36.5
2310,2021,1140,49.0
2311,2021,1397,31.0
2312,2021,1400,1.0
2313,2021,1403,21.0
2314,2021,1411,42.0
2315,2021,1155,4.0
2316,2021,1156,56.0
2317,2021,1159,21.0
2318,2021,1160,28.0
2319,2021,1417,43.5
2320,2021,1163,9.0
2321,2021,1166,51.5
2322,2021,1422,28.0
2323,2021,1425,31.0
2324,2021,1429,12.0
2325,2021,1179,64.0
2326,2021,1180,29.0
2327,2021,1437,50.5
2328,2021,1438,4.0
2329,2021,1439,5.0
2330,2021,1186,9.0
2331,2021,1196,6.0
2332,2021,1452,19.0
2333,2021,1199,32.5
2334,2021,1455,1.0
2335,2021,1457,33.0
2336,2021,1458,92.0
2337,2021,1207,23.0
2338,2021,1210,24.0
2339,2021,1211,37.5
2340,2021,1213,12.0
2341,2021,1216,92.0
2342,2021,1222,36.5
2343,2021,1228,24.0
2344,2021,1233,32.0
2345,2021,1234,15.0
2346,2021,1242,64.0
2347,2021,1251,9.0
2348,2021,1260,30.0
2349,2021,1261,42.0
2350,2021,1268,32.0
2351,2021,1276,25.0
2352,2021,1277,49.0
2353,2022,1286,41.0
2354,2022,1293,19.0
2355,2022,1308,15.0
2356,2022,1313,36.0
2357,2022,1314,39.8
2358,2022,1323,41.0
2359,2022,1326,44.0
2360,2022,1344,44.0
2361,2022,1345,13.5
2362,2022,1350,37.0
2363,2022,1353,16.0
2364,2022,1355,37.0
2365,2022,1103,20.0
2366,2022,1104,16.0
2367,2022,1361,3.0
2368,2022,1362,5.0
2369,2022,1112,26.333333333333332
2370,2022,1371,27.0
2371,2022,1116,24.0
2372,2022,1120,34.0
2373,2022,1124,70.0
2374,2022,1129,11.0
2375,2022,1388,14.0
2376,2022,1389,35.666666666666664
2377,2022,1136,11.0
2378,2022,1394,9.0
2379,2022,1395,22.0
2380,2022,1397,20.0
2381,2022,1400,32.0
2382,2022,1403,28.0
2383,2022,1151,1.0
2384,2022,1411,84.0
2385,2022,1412,41.0
2386,2022,1159,7.0
2387,2022,1417,49.5
2388,2022,1161,20.0
2389,2022,1163,7.0
2390,2022,1166,84.0
2391,2022,1168,40.0
2392,2022,1425,34.0
2393,2022,1172,1.0
2394,2022,1174,44.0
2395,2022,1436,15.0
2396,2022,1181,31.75
2397,2022,1437,39.5
2398,2022,1439,8.0
2399,2022,1458,10.0
2400,2022,1460,22.0
2401,2022,1461,8.0
2402,2022,1463,32.0
2403,2022,1209,25.0
2404,2022,1211,13.0
2405,2022,1222,22.333333333333332
2406,2022,1228,41.0
2407,2022,1231,29.0
2408,2022,1234,4.0
2409,2022,1235,20.5
2410,2022,1240,19.0
2411,2022,1242,32.833333333333336
2412,2022,1246,19.0
2413,2022,1255,32.0
2414,2022,1260,13.0
2415,2022,1261,10.0
2416,2022,1266,70.0
2417,2022,1272,25.0
2418,2022,1274,37.666666666666664
2419,2022,1276,38.0
2420,2022,1277,40.0
2421,2023,1280,19.0
2422,2023,1281,19.0
2423,2023,1286,23.0
2424,2023,1297,28.0
2425,2023,1301,29.0
2426,2023,1305,25.0
2427,2023,1321,38.0
2428,2023,1331,23.0
2429,2023,1336,37.0
2430,2023,1338,16.0
2431,2023,1343,20.0
2432,2023,1344,8.0
2433,2023,1345,28.0
2434,2023,1104,14.666666666666666
2435,2023,1361,42.4
2436,2023,1364,18.0
2437,2023,1112,19.0
2438,2023,1113,2.0
2439,2023,1369,4.0
2440,2023,1116,74.0
2441,2023,1120,28.0
2442,2023,1124,29.0
2443,2023,1129,8.0
2444,2023,1388,120.0
2445,2023,1394,43.0
2446,2023,1395,21.5
2447,2023,1397,21.0
2448,2023,1400,25.666666666666668
2449,2023,1401,17.0
2450,2023,1411,28.0
2451,2023,1158,38.0
2452,2023,1159,37.0
2453,2023,1417,13.0
2454,2023,1418,16.0
2455,2023,1163,24.6
2456,2023,1421,38.0
2457,2023,1166,25.0
2458,2023,1425,19.0
2459,2023,1429,11.0
2460,2023,1433,12.0
2461,2023,1179,44.0
2462,2023,1436,17.0
2463,2023,1181,16.0
2464,2023,1438,1.0
2465,2023,1192,19.0
2466,2023,1194,26.25
2467,2023,1452,2.0
2468,2023,1202,38.0
2469,2023,1462,28.0
2470,2023,1211,53.333333333333336
2471,2023,1213,18.0
2472,2023,1222,26.0
2473,2023,1224,28.0
2474,2023,1228,11.0
2475,2023,1231,44.0
2476,2023,1233,120.0
2477,2023,1234,8.0
2478,2023,1235,19.0
2479,2023,1242,11.0
2480,2023,1243,15.333333333333334
2481,2023,1244,16.0
2482,2023,1245,11.0
2483,2023,1246,23.0
2484,2023,1266,19.0
2485,2023,1268,43.0
2486,2023,1272,19.0
2487,2023,1274,49.0
2488,2023,1277,20.0
2489,2024,1280,18.0
2490,2024,1286,7.0
2491,2024,1287,45.0
2492,2024,1301,45.5
2493,2024,1304,15.0
2494,2024,1305,3.0
2495,2024,1307,34.0
2496,2024,1314,18.0
2497,2024,1321,140.0
2498,2024,1324,40.0
2499,2024,1332,30.0
2500,2024,1345,48.333333333333336
2501,2024,1355,28.0
2502,2024,1103,30.0
2503,2024,1104,56.75
2504,2024,1361,71.0
2505,2024,1359,4.0
2506,2024,1112,18.5
2507,2024,1376,14.0
2508,2024,1120,2.0
2509,2024,1124,34.0
2510,2024,1129,9.0
2511,2024,1388,9.0
2512,2024,1389,45.0
2513,2024,1391,140.0
2514,2024,1395,16.0
2515,2024,1140,4.0
2516,2024,1397,46.666666666666664
2517,2024,1400,35.0
2518,2024,1401,45.0
2519,2024,1403,40.0
2520,2024,1155,29.333333333333332
2521,2024,1412,32.0
2522,2024,1158,33.0
2523,2024,1159,25.0
2524,2024,1160,22.0
2525,2024,1161,12.0
2526,2024,1163,44.0
2527,2024,1166,29.5
2528,2024,1173,30.0
2529,2024,1429,98.0
2530,2024,1179,5.0
2531,2024,1436,58.0
2532,2024,1181,32.0
2533,2024,1182,45.0
2534,2024,1438,25.0
2535,2024,1443,22.0
2536,2024,1447,44.0
2537,2024,1450,28.0
2538,2024,1194,12.0
2539,2024,1196,9.0
2540,2024,1458,11.0
2541,2024,1463,32.0
2542,2024,1211,51.0
2543,2024,1212,98.0
2544,2024,1213,33.0
2545,2024,1222,36.5
2546,2024,1224,3.0
2547,2024,1228,57.333333333333336
2548,2024,1235,25.0
2549,2024,1241,58.0
2550,2024,1242,42.0
2551,2024,1246,4.0
2552,2024,1253,30.0
2553,2024,1255,45.0
2554,2024,1266,24.5
2555,2024,1270,42.0
2556,2024,1277,44.0
